ID,Yield
ID_F9XXEXN2ADR2,594.1863004791101
ID_SO3VW2X4QO93,408.33530495493125
ID_UKUQ7JM8E894,461.1670322137119
ID_QUISMWEZR2H4,307.3950468630474
ID_25JGI455VKCZ,544.8885107689622
ID_KQEAOXF3RPV6,339.1680082054534
ID_FSNZCPW9HTD2,781.2226342069097
ID_U2TOPOA0T40S,277.8252929955849
ID_XVQLSUKOT04J,1110.8365555506432
ID_EAZAU6IW58PK,141.26921843508586
ID_WI17R25TC2VU,336.35819927952457
ID_OPR9MJWG40U7,1588.0707917565173
ID_P9K9GAHC6FX6,609.8658577005306
ID_SCAOUCCTJ75Z,5.74268432065303
ID_MUP1OS8GZR5E,1095.103375808275
ID_WVBSZ9VBC9HE,678.4888603943848
ID_9MGH1WIKFBNB,419.594976816596
ID_3M2O3EPOM18C,2109.84687711723
ID_K9MOR4N1FWIB,538.0939701212553
ID_VJPUPMSQARO5,1083.8003585657252
ID_7WIMK3DXIU3Q,1125.17772406213
ID_6QXVH0EUS60J,1167.9797554604625
ID_CA9GH6Q53A1Q,193.78158396996136
ID_94KO4EQ6TA3S,247.20061908382016
ID_2WH3AXUWRS2A,227.1058282237541
ID_LBS8TBC6QEF1,323.147567882722
ID_Y3YARETW8RAP,1281.4120050359725
ID_BY9JJAIKBRGP,451.4085154310917
ID_0U5AM482W1DE,453.8840739390889
ID_G0I28ORJC3OP,418.6545762898747
ID_Q34ED4EMSA3R,584.4345203790622
ID_LN3LXEG984XM,474.9205643684056
ID_0JTIPPYRJND0,728.4708802722655
ID_2MRD9I2X8UXB,199.9316077298024
ID_KH1FHLUW2T4X,270.00493179608804
ID_RFM5MWSIU1JX,346.78295261166767
ID_IAH2UTMDVU8F,218.94763917842403
ID_9SNP46T1GSJI,816.5475336938421
ID_DSQ9ISYFW4DB,460.8595669130748
ID_B8XYLC3NM6XD,5.44539702052075
ID_HOG9LK4CTN8K,476.87930088865073
ID_L3RTRS1QIY6D,327.7184840573657
ID_03QW4RBYQEBK,401.12482416743705
ID_ZJSYN3ZHXK5K,930.1890177818789
ID_UPRM76SZ7IJJ,714.8340012403294
ID_YB866N9RY5TU,549.8184778521107
ID_4H0KNHPKF9BK,202.33426581378308
ID_TOIT03A3WTTD,334.42728072639403
ID_4P7NKCB6LMJ5,6.3540694825718775
ID_1TIMGZJLRLWF,576.5019637044719
ID_25E6065LQDON,696.0573351158898
ID_SOB9B3H12POE,957.9153356718014
ID_A8RF0GQGJF5H,924.2693700130612
ID_GT36LGF8SM8K,560.9092514527597
ID_E9OHGDA3U6DG,410.1836414433805
ID_HXWHLMRE99CE,1330.130496093791
ID_3VL9DLFRG5A3,293.33975916871873
ID_OKPI3DR2ZQPJ,297.3537832438025
ID_XZO6ECCAOC94,908.2647098609677
ID_4X2UWYR6RIE2,854.2611050743528
ID_1LVAHN6PZYBS,618.7954674140566
ID_HRAJFKTPCNWQ,2060.216567386149
ID_TK4H5NRKHOE8,353.58252323832505
ID_9U0UBT1J8152,323.7991651210923
ID_3EUKVYT37JOP,251.97564142680855
ID_1499QWPPW755,519.8970885583991
ID_ULWP3J0G860C,408.7804110564537
ID_51FSB3P7RO7F,562.5546467498646
ID_FHMVP6OM4GDX,1844.1296511894056
ID_2OICAUFVUF5S,212.9514765459233
ID_ZGCFHIHAIC5U,423.99267994818126
ID_SR592R346POT,1345.6992298117575
ID_IW7UUDAW8LI0,364.5946355558522
ID_UNWZCF6L3JHJ,403.06345866080187
ID_Z4FXX0BNPHCO,509.8195399856902
ID_T18YB26T1R72,353.6260624858008
ID_LXZWOINVI194,541.1134728318348
ID_QNQJS14C9JJR,1899.483871530921
ID_NTPIQUV3J2G6,893.1046785477921
ID_PVQOEEDTISZ0,3.9964500401683027
ID_PNB65ASGG3U5,334.7708031463884
ID_KWPXATBZDX9T,493.60115679202147
ID_0G0F9TOR4IMI,1549.6752130786458
ID_FVLMABW5Y6X2,973.5152348128707
ID_O2PL38IY50T5,544.4761213787189
ID_CNG8Z00FPPMP,710.1762345686902
ID_641DSHBH8JAF,932.8813291250217
ID_Y14QXUKOFJ4H,314.4162856593858
ID_DRP3WZV4BNIE,384.597235398626
ID_TMXV7UW39T80,201.1451633252838
ID_0L8O49SS6MQM,501.56887010230264
ID_UGTG0XQELY2U,394.17146747001715
ID_0YZYA9AXL9Z2,324.51896892970996
ID_KNOK4V0IWVUO,167.40393410051647
ID_YX4DF17Z25RV,378.9314383219074
ID_2YAZXP3AEDVO,335.1749470884939
ID_YNACZPCVVI09,1819.1413669891137
ID_75GYXJW1DYGX,320.66596977125573
ID_YRCMJRFRTU2K,505.58806502490694
ID_1L4WBTHTDQMP,566.4987274908033
ID_RO0XF0TFLRG6,645.3439414960998
ID_NJ7G0SAVDN1Q,334.0131393442224
ID_UFPM6MLG1BJK,2.83140650665368
ID_ULY51B6WQ9FV,822.4588513347753
ID_CR6L4TL2VEEM,247.89659526718742
ID_4YRSPS7X1V7Q,370.8353595826885
ID_ILQ5YE78E0SD,238.2453199659454
ID_WDNXY8YRA10N,388.30538895460967
ID_WYK6LRWQ21ML,303.87882629007623
ID_EBA4QUGDXB5I,1029.0145095409275
ID_2WCWAKQKRA74,664.3169773437324
ID_FTSIEXKUER9Y,335.69888347493645
ID_64BCOW7PEP3E,89.68929912448598
ID_0N5TFB55JBOB,758.8630808904679
ID_9AE1OJ45UFJ3,547.1563009312968
ID_NJWAR6L7X4Q6,740.0745870404517
ID_W8U6J9PKGGGI,402.9901352719279
ID_WJUUIJMPNLHW,338.85271685251575
ID_S7F4L5OW7OKD,1067.6821265213182
ID_Y0OX05BLLQPI,199.93172308578468
ID_XJ7ULGKCALNF,428.04596156677945
ID_8NU1PZBDI5C7,1158.581970722281
ID_CPPN31R20CBA,602.6090982505573
ID_D20Z6VEJBE6K,3.1488413841946343
ID_N6RSTF2IR5GL,549.812951768037
ID_DJBLGDPMS85M,3.707289607340421
ID_34J19EEKSSHY,870.7323009725711
ID_P8MQS1ERUQ9F,231.9432687568956
ID_U07HHH2EG6K1,810.9918431876754
ID_IKAOSO0CFKYZ,161.8058329681545
ID_NHQ2WMFGNBS1,309.0220756653464
ID_FRJ3P7XDG7OV,528.6262512535249
ID_5N0W8ZFFAIQX,375.18107877526234
ID_OFSHZ2KZ1LQ4,2.5646187693359495
ID_A6C1G6XUATUE,11.142797828391936
ID_N99MP1180BJ5,275.33870209308213
ID_D5F8SLVPMZKE,159.51260729780597
ID_49QTISSSNQ0M,578.8637305479712
ID_S1WHDBHNKLYO,297.3930585218972
ID_9YE4VBW3W1WJ,398.53801319419415
ID_7SWZRG2B52YI,364.2933750350161
ID_41XNQZ8M4QXH,368.6685257768267
ID_SIB0PJZQMRBO,317.5521082667749
ID_M47IW492SXOP,150.43577768633367
ID_MTUJW5V02DWQ,797.9565498504776
ID_Y108HSDX00WC,887.0668169508925
ID_QRD8JCO8QWCF,97.72547274882703
ID_RIP1ZN0ST7I3,6.177552300411281
ID_BPS356NV28J7,1238.1562951764938
ID_0KANA1KYEQKW,128.37959964968496
ID_80MMCWDS27VC,1216.3217982160347
ID_CH1WWOXBV7L8,337.44332235478936
ID_PM7YZSDTN1OI,674.5264490870237
ID_FR4XH94DJW50,542.7532124117257
ID_D1IDORABBOBP,498.17016338301136
ID_0BE8BMWG3A68,534.3370879130437
ID_RY2QD5TLB4US,425.56555534751584
ID_S8D99RRNCOMC,1055.5127970835642
ID_YZLW773BTIA3,334.6838001078956
ID_FL8VHWG97QTI,495.2751581736152
ID_JVLT86OR9T15,613.5330296274624
ID_NBSTAXAZ24X0,946.4937022142199
ID_43VRMQQ5E60F,374.652335129412
ID_HI4ACMU7M13J,403.5151634326344
ID_UI96L3AE8YXY,582.9629097212429
ID_UXRI6OXKF50S,919.4723307967145
ID_FW06NS2YA7QW,432.66334792556637
ID_RA5OO0JVNOUF,400.4432640482296
ID_EVGU94YQTZWM,150.21203627352315
ID_GHANLFEJN9UW,145.20065134482365
ID_HXBFX8X2DD7B,805.518610628036
ID_KUNLQSF5FM19,639.2758470221968
ID_7XXH76413XNT,512.2032196074067
ID_D58TIQKQLU7Q,383.0545980682867
ID_W5CLRPVGFRKH,662.7729559541286
ID_A3Y0OIB0BE59,418.7560199051928
ID_C74NLELOCNTS,1387.5807790507265
ID_2FIGN89QV44C,11.040868783267012
ID_QN4PJSV2CGSJ,298.50646447036104
ID_V5W6AZBTURWA,405.91603651690536
ID_L6E0GOTVHSCD,619.6567649208628
ID_Q95BUWXK8RM3,135.565895556906
ID_5TLXCFLTYF1F,446.7444662900857
ID_GLBHSYJG9S5B,1316.7264282402398
ID_3X3YHRC7IIN9,598.5464281480902
ID_5H724YS64665,972.2103849923485
ID_U4Z5RN88FCZM,618.0138933796636
ID_05TGZGOMI6MF,390.0860332025568
ID_0GCZV8RUSZK6,416.0276059796446
ID_UV06K1FM1SB5,469.11214331449855
ID_RCJZ3PORBWFV,11.994140394848465
ID_W1NL5CU9VHQS,391.9155371639678
ID_2WIYFQHMJPYD,772.4904415435126
ID_BFFULEU6PVQ9,96.7184016420075
ID_JN31K11BXQ0E,304.8821188972139
ID_DS40FHVR9R7F,316.3878583979503
ID_DNOT9DTVZ6MQ,778.7957816977262
ID_Z58PO8MMX8YV,786.063277438185
ID_NEYMBJKFHN1X,526.7238338943574
ID_RND7MNSA6LWV,283.27356953083796
ID_U407VXC7F9NZ,311.3564463789423
ID_ES753BBA75GB,149.41455603052304
ID_APRL4BTWWRW9,311.5321429185667
ID_S909ZPBZ39II,255.6818758137017
ID_YYFP9SWEV0U5,1074.7861904234965
ID_25EBTESPBHGZ,719.378518782549
ID_W0W8TG7XRWE3,202.08347099206887
ID_0FU2BPIOTMVD,714.9404270658981
ID_OF817VW3STNX,489.00877428887253
ID_7QATIJ9YSL1K,1706.4973640977873
ID_LBPW7URC7BBW,503.08422424386214
ID_7WYQ81JCM9V3,126.09367741969528
ID_JGSVOGVN6522,567.7358097722962
ID_TOUB2GY1ZHXT,719.5400520105343
ID_9AJCTSUQG7FZ,539.7710227316005
ID_VKOZPEUVSDI8,658.6989177827428
ID_UG5GQ68S58OW,511.1542887150689
ID_4RB8XK2ZB1IR,860.7598647439422
ID_Z3P4T6K6P2ED,218.93839795962728
ID_VUGTKX63R5P0,386.8614941643909
ID_XMF3Q64FMLBK,468.96940843414393
ID_DTWCZ9G9C8WD,933.5241270036355
ID_0MNYHJUPIOIT,196.37247690880943
ID_ZGAL960JTO3R,494.31328782957615
ID_PK835TJNER3I,646.3872712158467
ID_KVGPYMSHB2WJ,328.7261270233355
ID_OWIQYP0I1HGW,1264.2393500490207
ID_7RS2XDILJLBL,393.61868295079194
ID_EDCLK08NMF0N,380.2509438526845
ID_97Y87C3ANP5B,366.6256726311202
ID_D3SKVOTTB4KQ,246.9436223153151
ID_APFVFYM11UU0,1831.279767650219
ID_TAIVU9LHBYZ8,521.284208832098
ID_NTR94XDRQIHZ,171.7930367743523
ID_8QCOFS2HXOJQ,403.0317177952254
ID_7ZZVZZH08UWF,398.3372105606255
ID_9NGVV4V11YU2,381.5320420405929
ID_5G8RKC18KLXV,578.073496034132
ID_BSVRMHEKDQKD,441.99725108119674
ID_6Z12209FUIAT,758.0296469542576
ID_IRBHYP3G7UXU,315.64082599257466
ID_9PH4KNPDDVWS,767.5210300994023
ID_S4G0N1TJEDUG,332.8328645504762
ID_OP7NSDQGR6AE,4.844528309898298
ID_32RIU94UJDHI,1619.9893003498646
ID_85WKQYHE0W5H,801.582599807886
ID_2T4I23J42NUP,337.20511006556626
ID_LOJZM912S2TH,491.12111318433966
ID_FQAR45VD4PQ5,713.3718915976151
ID_RA4Y3ZL70BWO,1084.0988503599583
ID_UH3QT7I1O24Q,166.6311087188057
ID_P9OZQ56CX2YO,492.39458528562903
ID_RB24VMV9FIGM,403.32323670910495
ID_XECRIM8DR00Z,1058.6252640880637
ID_EYIQ79MA3T5E,757.497350350208
ID_B0QBM2S1R9S7,164.96273752316756
ID_1L74BG9P0TKX,732.5949289136474
ID_141KG0TOOCJ6,597.4002738194717
ID_IMKLSNJKVI4P,277.8775410728678
ID_253P6J7D92PW,385.1899576059371
ID_PCC17RCZX06S,305.4626004064786
ID_7MUPVDZE1ZWB,1174.7035725483884
ID_O994OZU1NP7E,642.4733482367246
ID_RFVKSMVILY31,498.38136220952464
ID_MTR7TTJ5LSBE,178.2127949317737
ID_87QM8DS5HSU7,1181.4592843601965
ID_8KXPBLV53NZK,619.6325758431462
ID_LQVS4LC3YRMB,545.4294541912121
ID_ISVACTKT5MAA,318.44311286247154
ID_C64B9DUNSCM1,201.3855195859011
ID_ZXAE37OWUMFI,402.2261745525204
ID_L7Y4MKY66OSL,583.4544618505234
ID_TZ1FUOUR0Y8X,950.4410364997686
ID_D7HMR45HU1ZW,450.19357419620496
ID_UCZXI2H7S2YD,234.50749244693947
ID_7TU75PUQP312,1607.0484266806914
ID_4ULCEP364DAF,546.9127119200922
ID_8EOY07K5LOC4,304.69703297625784
ID_NK47MAUWJ8Z5,158.32921916812276
ID_8ZCGIWU6GZLO,276.76521304913956
ID_SNIWSZ237UOD,286.84349865668935
ID_7LDSCZ2OPT0K,496.1987619250325
ID_TK2TH4JSJ1KB,160.09526820455142
ID_UUXFZKSR58SC,282.12288319512726
ID_EVACECC6XIW9,1712.7548951162735
ID_U2LSES0Y4I3C,1435.5996257109296
ID_NEGU2TDNC4Y0,130.74706234710084
ID_WCBHSOBP51H1,222.17725820775874
ID_SVRQ4NGZFMMP,893.0562554553667
ID_5TBBUKHYJ1KI,672.3333296917248
ID_4AOR8R30LNOD,477.71577321330585
ID_5XOUKBLNO7AC,491.9516675499801
ID_IQZTM1J018FS,747.9919078948661
ID_Q9VXX3O6IZOD,263.88073677154034
ID_HTEQD0S6QIB8,303.0481238430491
ID_0GFT8KE7O9RP,846.5329173335874
ID_SHFI8L6O4DQ3,781.9130595660108
ID_64MUBP88ECF6,396.8672234741416
ID_EHYBYH7QLOSL,195.90871818754562
ID_GTGEI6PS93QJ,1306.8638294073364
ID_TL9C9OJ8G68U,231.96608129199208
ID_SM1GWL52K1F8,407.6844204935901
ID_DZW8R8ONEU66,461.1921108727611
ID_HBDA4P8811S8,836.5211437533019
ID_CJQOTSL074N8,639.3624958385329
ID_KZ0X60V9XQIG,1508.516676218932
ID_0TWFZTV06NYT,621.056504320442
ID_PVJN35A46C0K,457.9066874000348
ID_D732BOTXBLSI,371.55117684951085
ID_342GB00NU2X8,123.06168897194611
ID_AQUL5HCLWJPM,1155.5273856875797
ID_VU3938I1G9Z0,776.0998594993507
ID_Y2ZY2HDPU6PE,411.55984893890036
ID_SJD77GLF5ZFJ,511.3193191344843
ID_3T35R9QJBF2M,411.2119978305048
ID_NQUTMXXK59YN,545.2864184351766
ID_SV7AFMBC72LB,75.32215218342955
ID_PAPK30H37SIW,811.2968586508109
ID_URRQOVPPCBQ4,203.2299139982561
ID_CQPXYYK4KGB7,319.1088272777326
ID_RJIJXF4OS4RL,3.7123514343010067
ID_APUXW8HC4K6B,1333.8984600475217
ID_61Q9C9GGPHDI,1122.348781323464
ID_ZWZRMNC7OOCV,230.776909777215
ID_IYKX7HR08L6A,8.208850498381198
ID_AIG281L5ZHU8,215.31816155844442
ID_NHUOZPKIO0BR,410.01858037992014
ID_LLYN4K7KIT4R,455.26853453964736
ID_0TSE5OLEV8WK,440.0538654837933
ID_H992DU9HM8DQ,281.7549170345393
ID_UK0CBXPBQ5RY,1163.2004388011921
ID_RDPY3EBXFJ5O,1002.4497099119068
ID_5L97TY473GY5,1142.455241527669
ID_5B1X9MC1IFX0,375.3914012508741
ID_ECWVAC40SNWB,1353.154078662009
ID_OE87AT5TAUEI,1912.60827968808
ID_XR12GEBM8H2K,1322.3202295169342
ID_LJ2AP4BNL25Y,414.32652612096354
ID_LH311ABG9XDL,326.9451352614366
ID_HXONOBB4HD6T,2027.0834599939974
ID_7AOOKABBB6N8,1196.7691328002445
ID_Z17C9TLMF1MJ,195.35197868569608
ID_3PUBL95YQ1AF,813.0666942052484
ID_3RUIBILNO5TH,10.326034267563099
ID_9VMYZE08M98X,813.5609134966428
ID_6SDJYMNC1T2Z,9.638346141279179
ID_61DT371A8JKT,339.0875345034198
ID_R51LYLFQUFIL,626.516670769011
ID_MJYLQ159US1Y,942.1696184263905
ID_QQHLY17D6RBD,1289.7843559804633
ID_Y84JBGTU3NGV,648.564568333351
ID_V8BHOZICY6IF,371.8979287663941
ID_DZ1R5TGC156F,615.9217800340607
ID_UQTR8CQ5LH50,1164.2293676424028
ID_CK56LDNW1478,770.5160710770649
ID_QJGUBXWDDCRS,635.6358096620613
ID_H7YHR5OTSNS5,165.02856183185634
ID_8FRJCZZGLIRC,711.5681129044987
ID_U29DLWFB48GG,326.2997193669081
ID_W3OHI7MAVC24,119.9913877995265
ID_1ZY88AN5LZD4,358.10159787610735
ID_OC5EEB6B892L,706.1387513815569
ID_CMWPG2PIB75R,605.5882000117948
ID_NWEI411ITDHM,644.3899334652465
ID_G49PUGN2HFAD,262.79328286510327
ID_GSNP1IEZEQBC,484.0865760470657
ID_GJUS6RREHQ81,708.9166075181997
ID_7F8MCGYBVNP9,412.195893015412
ID_0L3CDZHQMEW6,785.7281448474288
ID_WWW8P7C0BWWD,342.33065574805005
ID_K5SN27S6ODNO,731.3615001857171
ID_UFYYFX1MOUMV,368.382462048386
ID_D0724QR6ZQQF,1425.5579739921552
ID_PMSOXFT4FYDW,1258.2092720454107
ID_SO7VGCA3U32O,595.3421634958167
ID_FRF1EVPIL6HX,860.7942432828877
ID_82CBKU1NDJ0V,1086.0950831059413
ID_RX8DANVXO123,376.2948101227554
ID_ILC9A9DN5G2Z,694.7028758303952
ID_2GDKRWUIWI9Y,121.89897427935234
ID_RBQ5VAV4DJ5G,825.2288980813003
ID_UOQYVR79LGBI,590.4870165198728
ID_K6AD8QUXXR6Y,9.65172268800375
ID_J342KZ43X2VJ,614.286727254031
ID_XPEQ4HVRRQX3,2153.2612431336015
ID_AJUG34L464MU,576.204191181302
ID_JF3KG0PYDKQF,2101.7376736027663
ID_L9Y3DAFA0E72,624.1603058020496
ID_E6BGEQJGO571,234.664301312407
ID_SP088I6KHJYU,351.0789627042427
ID_044M7JJ7F7ZH,836.8764702796074
ID_FWCKHCWUI2ZA,356.0622337361396
ID_RYVNAORY2187,217.37629156702792
ID_AKABUF8B09YM,740.5370481928708
ID_S2JJQXZHA1AS,383.62455838442315
ID_4QOOOG43P1EL,1171.2504866983295
ID_X7Y0DSAFDFLN,790.3621942693976
ID_HBHBHNCY4HVH,387.8770323122027
ID_BD6WGXMV0N9M,341.1070703611713
ID_L96Q9Y8ZKZ8E,1235.2847407925456
ID_THWRW6UMVR43,343.8413471036769
ID_BORVFDCCKT0H,803.6595705128398
ID_2L25K22ZLQPZ,378.7199378762514
ID_YUL27A9GYMND,348.84090854048117
ID_8MKACM85VSCS,2273.761713713097
ID_4060CUEUW7HI,350.91169789224386
ID_Q0SM7VK3YP8B,96.00011885913415
ID_KFDMKLKS776M,455.3918037886442
ID_JFSU9KK3JSCO,1487.324574116216
ID_YDVQY6M9SDE1,307.9057539676348
ID_24UQHTEAU2MZ,393.51124038663056
ID_SGZSFYIOBIN2,614.2855618273462
ID_JNBPHXXIFBMH,373.69320634790876
ID_ZDH7Q9PB2ZFC,366.8568990690911
ID_Z8L5CROZXDD9,783.4613461956383
ID_BFWA63TCREXQ,303.92950098601733
ID_M3DHWRLA56N4,1366.185626055776
ID_7QNMKE9U82HO,1203.2884631235156
ID_75A7EFD9RIO4,154.9042994890135
ID_ZGRBK42R4LAE,305.11541332112427
ID_E69IMEJ5DN9Q,394.7582656764109
ID_9GU549TH7ZK3,1041.3518034680114
ID_32IOWXYS1DUU,159.4249645950456
ID_055AL1ZL5ZQ3,103.83748204709448
ID_1D24WF1F56XL,200.89691809443752
ID_C8563RHWH4R1,338.5818204011698
ID_FWYXQF7RP0NA,598.8505878091158
ID_RUQF0NVO7GUP,104.76783618309673
ID_U51NJXF1ANRX,295.933016334783
ID_52E5N2X6YPZC,410.2071217530027
ID_5605KFWD5KLI,577.4854785216613
ID_RP1T12JOZ0W5,422.3220525798469
ID_1NJF183VW7MV,10.420730551274223
ID_YBW0BLUZSB09,413.3144648443512
ID_EMWY1EBQA2OW,3.2839126832806382
ID_PRZUQ2CC6YQL,860.5929097513202
ID_DR9MHVZLS2J3,15.796250852722833
ID_F9Z4KJ1ATXQX,480.29172073803875
ID_1IEQS1MMJVNU,1059.9568224542402
ID_Y5OJFJ4ELKBO,1951.3248346119678
ID_OYZLWHPXC232,4.81927373717774
ID_RIJPB9ZK7QMJ,355.65481804171964
ID_5YLAHA1RPCLZ,533.8245657841837
ID_7YD43YGQEHAG,169.10831439276623
ID_Z2128MPPJH3I,327.3123235030362
ID_6E9C80EV7UVB,499.736219050221
ID_V292OF4LJFY6,537.5646524817795
ID_GZWEN5J0753A,140.76081626301308
ID_DZJI74TH27S2,572.8457845600259
ID_VB20G3017OT3,1478.6768617491302
ID_PFR5TR9NSJ44,475.23423986872757
ID_CGEMGXF9GKAN,770.8434356723646
ID_UQN5YELSPFW4,561.756550518491
ID_9KQ04PBVJQ2Z,525.4031818670933
ID_4XS5DB6R0W1W,1957.4210834582593
ID_0LIP6T5ZSM47,709.2496490835581
ID_EKT3T87PW61E,412.07008924977424
ID_8APYWALBVJJG,586.451383188324
ID_IZNAGRDXI416,479.8209872027412
ID_O8JW768V2WBT,752.7878738344668
ID_QB1EGGOG4PKU,350.07939964438253
ID_QL474TRJZ4KT,318.068665774761
ID_JS00JMA9OC55,196.72623117731052
ID_KX93WT2WM8KI,385.43498502204307
ID_88T4KAWBOXD2,749.5290053759109
ID_AYEXJ449FHYB,221.64359870749513
ID_WAMWUG0WHB97,1133.9719755291885
ID_MNSBZZRLVYAB,566.1317262409199
ID_NIO4I0V8DWYJ,94.81589469675788
ID_NIZWE5DL0ZEP,863.8362762372449
ID_9NCKQGLK3SD9,289.27626365372305
ID_5OSGLVZW9D29,795.3114306313682
ID_6XPJZR8ZCIC2,304.89663930123794
ID_IY0SP642OW24,647.37610686511
ID_RIYH64Y97QRK,495.1645247047391
ID_XSP6B48LKWT8,384.08858582661327
ID_W753O33BW3BB,406.00387353843047
ID_RWJ0XTITY982,2043.7006146765766
ID_EUEIBIX6TBO2,370.18853496760266
ID_WH5AACW8DNG9,248.6228133762183
ID_NKCHBHQGHFQJ,441.2066698614787
ID_55LF7DAPVUM9,366.53295908046624
ID_QCVF1IC80H55,370.8064103980073
ID_TTYI3X4FHRSK,580.7082095692998
ID_FAVZ1A7JE66Y,200.9166599456082
ID_K3QDY7VQTJ4Z,447.1762069967326
ID_SXVSUXY5UZAB,18.98155293761576
ID_5K5QDTT6M6RR,212.23505867539959
ID_LVWYORSZVO3S,254.18815874499333
ID_6ECLIA2352NF,180.15761049134375
ID_W9B36B5RXLXB,1484.6948248643466
ID_FBND5TKBJU4V,260.95297567289686
ID_IEG1EPIW3QJE,552.6330200212795
ID_XBAKEC3FGVOI,309.0118193657998
ID_YX1YSBJPV00F,227.14161050918878
ID_CNJ0199EZ0Z5,234.2218856357651
ID_9HZRXVLF8O7Q,378.2594948849807
ID_N8DOGSGMLEEF,380.8993730421471
ID_QTT6DFO6C20M,176.11934380786448
ID_84TIYB63GU2Q,149.29548138264326
ID_I13964DD6KTD,326.6513029481371
ID_31NJ27Y0VJFL,224.32688090839417
ID_SFCM114U57TL,195.90283132861578
ID_JO7PGDO0GSL6,479.66482670762446
ID_GL342CDVL9P5,400.3388386964824
ID_89HGYIT9L72K,565.4222789030143
ID_GMN55BKSKYR7,1245.0850428573033
ID_IPCZ9G8W2MEV,745.7905353787369
ID_YTTWCTKL25FS,862.9390144079164
ID_RXK77X7AJU1K,497.41220880922157
ID_7DF2UHVO2YDW,488.37915679042436
ID_S8ILQIMNR33S,713.9487860346219
ID_9CZKHNKM1I86,484.91298090532626
ID_QV0YP4S4M4EW,437.811751577683
ID_6NW6LZZP4YSO,838.5391619747223
ID_11VV8EJUCW0H,2216.307457705788
ID_12B9ODTQEDJP,394.4592986590805
ID_O9F0DSRI883S,328.8525123049326
ID_UGZM1YTX1O1E,384.32307287183147
ID_K9QDUU90W0VF,546.6839025333437
ID_NSYRKSMPHBU1,654.2286198415807
ID_VTPNQBR81BM9,544.3052290660884
ID_39OMID9QCOG0,384.40912873546654
ID_1PEZ9AQEX5YZ,472.4187322270927
ID_KMV01O5FI1RE,197.69028229507907
ID_D8YY9UAL3DUU,940.6202447068571
ID_MK1LEGI0K09C,676.7103020207358
ID_SIGZ0JBXQGOV,250.12266724788344
ID_TVKRFN7WM03R,244.9806347777386
ID_0BEO9O1TBGD7,400.6587967270413
ID_0LAUIA0BNIC1,304.3426379722386
ID_J3ASN4NEHJWU,490.29116627539406
ID_E0C4Y5E20718,882.5703511475041
ID_42C9CZBA94GA,223.0082882539684
ID_YR8ZM2POXIMW,87.10223902703312
ID_CI5T4HTPFSD5,2340.87969883366
ID_A43CG1H8ISRO,363.1048006049175
ID_3CEHUW3S0G0K,998.5350942438847
ID_TXB3AVJR817F,377.67890278888495
ID_EARHOHWMJBZN,800.8809406619866
ID_3VLU0ZG4HZCJ,367.02888479158054
ID_BXY0XWQ3PB64,722.5725437031344
ID_QRR9XFG9T842,604.5378950744622
ID_EUX6TSC8JHCM,416.0891655831058
ID_QFOI09YR3VXI,433.1614753637522
ID_YV25FQOXZ8MV,2.856784226814545
ID_7FQESEUZAD3Z,315.7910392111116
ID_CNWL7DTP3YX4,358.9685230056796
ID_T55BT4VODB0E,155.36024371991422
ID_RV1AQV8A2YO5,1017.3586323252
ID_4LD71OA2HWJA,389.915891846675
ID_MURY55Z0UGAN,324.3872139910701
ID_N2FMG5146H3F,281.16953900570695
ID_UTINEMLC3YZ8,357.3292286570356
ID_2YV5CPEX8PQX,964.4368289711153
ID_G04CAJF9PJPJ,345.9872278169198
ID_VQQC20SF8PFA,288.79774897168255
ID_XLERVZJLB89L,422.5967821422413
ID_55VQDPWDVUJN,1094.9769863693728
ID_ZQ8CAFATMFQ4,188.43431360852992
ID_G0F3TN5NG6BH,242.22402651877007
ID_PF85WDFZ5SIC,348.7476048810114
ID_LPA096T2PA37,360.9374057433872
ID_TOJV71OD5IJA,493.51874353937916
ID_OC71Q8G1PU9X,644.5279753189122
ID_ALXWTRGLKYET,479.05580926273564
ID_L25QRS7Z1I48,530.540720151371
ID_ZJX6UR06AOQN,149.52104074798473
ID_J18Z7G8MKNNW,938.4406254442532
ID_A1FRWN0WLOW3,572.3978380995596
ID_1WMN80LOMPYX,688.1775999484726
ID_PN8SLC70UAFU,404.9558289305406
ID_Y0VLNN9FFCDB,1218.2293121377008
ID_KSNG2EHQWVN2,918.7976339846052
ID_6W3UCOWAIKFY,274.09279423452926
ID_SAMIPB6FVS35,607.1223952177279
ID_5XWLZR0M55MG,664.207428344732
ID_XS38KEFXELD5,443.7513422206839
ID_59TDKRUHGJTU,449.6009815498914
ID_LA52IZ1MKC63,93.43669222372023
ID_HUS8E1K54UTE,610.3691454500894
ID_I13GK4NJXW16,1167.5826471191217
ID_VNANLNWRQBB6,432.11135677096286
ID_S9RY48JU1EY7,581.4647912099763
ID_4STCBR16P9VP,1023.4023052915447
ID_8975M70FEDGV,1334.8695276574147
ID_DUBR80BZKU6Y,323.42475181927
ID_MAEEJ3FRNXBQ,326.97141971469335
ID_H4AAIXVXUTIW,1721.4504937155864
ID_9O8JMRL331Z1,229.94136957082182
ID_NGSCERQ2QDX4,387.5190984000591
ID_6LCF9GFNTUHP,371.38477589598983
ID_P1FUZAFI9H4Z,682.7926713197123
ID_98FVLR8JYSIK,832.5975263865107
ID_21Q3Q5YNLZZX,693.7896724839554
ID_PBBKRFRQIL4M,327.4734261630414
ID_XUQ4DJPJN922,367.26936541001476
ID_XN9SQO2E71Y5,332.2018105305781
ID_16EL4RBE07V4,444.3440628610062
ID_J9A3XKAY092U,484.4428894282669
ID_SI3U6TVMFSLR,1748.337164589053
ID_MZPNEAO40UOF,601.0206586803679
ID_JMOP4XUA0I7Z,402.62749496631415
ID_3K7O1OS7SC87,831.975379143569
ID_1FKKC1Y469H8,475.3744575331726
ID_KLWMKKI8XBMZ,397.2171930200407
ID_INV1UN5XSNO4,389.8702228024832
ID_FCP0ZRWKWL2B,440.9332594432382
ID_L7DSNSBA5RQQ,238.22602918395498
ID_SECEK6SG1NI8,2356.6641384007394
ID_ZZH6SDGIBPVQ,788.1232150426453
ID_NKCBC5AYF2O5,868.3947484089729
ID_HCUH5OSOLYNC,147.62261957523154
ID_P2YVKXAWU6J2,772.4841233463148
ID_H5DAKY1IT85H,926.5493243648773
ID_FN2NLEWDMB6D,349.35894257483363
ID_FQRTZI314E4V,1934.0475189023275
ID_605VN4QHNIDI,402.2320333182696
ID_J9MMOAJFJ2J9,322.2538444602453
ID_2N51RJM7IWTE,480.34688887539
ID_G7LKS3J2NRV9,613.4094907944009
ID_B75HPYZV9PLR,929.8859428881434
ID_IJFSC215A8T5,220.6405701331747
ID_XUJ8JAS1QTG5,90.07951119302639
ID_OC29SB0GECK9,353.77505247885176
ID_0ZW1XY8NZ5AA,90.29072146841568
ID_XUYVTZH1U6V5,513.3429410774474
ID_TUQ7O8VZEO8Q,1042.835338557401
ID_XL5X7DAJMM1B,407.647571838758
ID_6GOHOWR9UQEB,561.8739285198066
ID_OSG7JPS4CTQ6,668.8570680643498
ID_TYWY3ZJA2J5I,1952.4106177544638
ID_E8R8OU0PL6KU,1003.8964933477613
ID_NVSZ1QLGBUT6,309.11979896915807
ID_B6DWB2FSMPKC,371.104217422375
ID_P0UJZBSPVHUE,1308.208585122543
ID_O9LKW41W3CE6,263.04335604900984
ID_APVY0ZAA2T96,312.36357520360195
ID_DXH0G1YZBCCY,749.832181590069
ID_50FMQ8VLWTYD,949.4529852586871
ID_MPXG6OFK28RA,1098.8596580040237
ID_KO5Q9YHKSLDL,796.7546526645408
ID_5RN40WEWP1EL,584.2294995947809
ID_C22JIXZIZSL4,339.420486746958
ID_9DQB1KQZBTV8,268.34496310415415
ID_CQHWUNCL5PCX,460.41855841903845
ID_J5OEXVDCNB0P,783.3869814656932
ID_RDH6HLOB2U92,320.24252829639534
ID_8TPHQ60JF6EX,430.9923503676499
ID_1PB93FWUQFQB,341.5016155306671
ID_3N976J1OGQLO,626.1772073864834
ID_7KUFT15M92QJ,490.0379351055195
ID_PCCPOOUSGB06,142.4676956926968
ID_3FRDNPVY5FNP,1328.4939743163698
ID_BK9ZR4TDE7NZ,568.6209316125319
ID_OUWYLUIH2R51,570.0961823541268
ID_L5ZLQMRH6KKF,574.1644543362545
ID_Q4UW4DG55OJW,618.7297426179068
ID_OYF1ASPZJQNP,497.104034836211
ID_GZUUS62OBWF1,1305.3800157517996
ID_KKZDBKDWVPID,332.8079124615749
ID_YCYMKBL2CA1K,359.9324200608418
ID_KHTP23X20T5I,357.9781222229959
ID_PVCGOZWIYCRW,1118.3320498685096
ID_32NAED58MFBN,615.8569197398381
ID_N20MRZDYH6K2,784.2646953989713
ID_DBTQY3BIX7K1,326.4029567854671
ID_VXHEQJCSAEGO,344.8799536063483
ID_1UBFDMDD35E0,502.29365893707165
ID_UTQLHUO15C6P,1316.0078335380776
ID_KUQSQP4UEPNX,1612.6886422880784
ID_NG1BV8SLDLT6,256.5403958718156
ID_3WE5BFF4QQ07,348.9909351122112
ID_OJCKZSAW11FT,808.0939488861012
ID_01FMRJ8CZ1B9,282.28222448924475
ID_UFCY75JEV9LT,337.61820736814406
ID_2EZWQR6H2KMD,757.8197583627993
ID_VDBLFDMIL8NG,758.3119141267515
ID_AT56XBOIGQNE,1056.846012775395
ID_AXZDBVR3IUR6,333.92930561518017
ID_2TXCT78Y3PKC,307.5748718239476
ID_VR4Q2KY91Y7I,454.0972764967419
ID_EQO0B00UOJ18,384.73034969695215
ID_80IN0NOG3IGG,312.44229260681203
ID_52G244TD18XX,584.8152702350137
ID_VU2RGX6FV7SG,610.0753443856674
ID_L5TFK1K76NVV,335.9212553551187
ID_9CP641SBWCAY,93.26482340578917
ID_GCL2HBCVD3GT,557.6169408227776
ID_9TSTSM29ITZV,1458.2084126956133
ID_L9B0F5XY5C0Q,863.4948872914277
ID_CB1C6HBQXD06,472.6972551708566
ID_HKJ98YOILTWN,1507.6769770019905
ID_5TPFAMIJT35T,716.3690442662567
ID_17C2BIFXGXAB,348.2412876383144
ID_ZY0FDD05Q344,210.67197677179485
ID_XXKL2UKB6T7P,1235.6427596500178
ID_RMQ5T81PW81J,497.72664744234567
ID_I1KFYFIUMBBQ,448.64083341071006
ID_1C1WGJ4TLP0X,245.63297269183835
ID_E5OL8AHYNIRQ,435.8867533910741
ID_XKJ6NPCU23KQ,410.9885446246435
ID_H2LK19RTKLBN,323.4772387714713
ID_8SXD7K2XR4Y2,319.57942301618834
ID_R6PS7QO3TIP3,781.3362970961728
ID_7Z26WTZTG1EE,247.3397479571797
ID_NVW1KES21JE6,637.0468819879917
ID_KZQ5Q7QITN1J,488.16256911487267
ID_0GK554F5HSPQ,1939.0745268487292
ID_CA5E6O3YBPYR,244.02702634855115
ID_NTRTGR2IP7JQ,643.5888146075556
ID_062VNY633NVW,743.9230016679794
ID_465NN80WHNMI,335.9259525204049
ID_T52DNN3DYVA2,345.3602083494175
ID_CM0W1BO8Z7YV,450.32131554578825
ID_YV087R41HIW6,534.0351676686021
ID_VT6TAOGORN0T,1253.4400202169015
ID_030L0XB0GEPB,245.87403763610763
ID_YECW50OR7NEH,284.18030625056156
ID_5W7NWNYH7DA2,231.30437911750795
ID_I2AKJ4TGA3JS,392.7910486818847
ID_LMSXY4W2OCHC,443.22396861133404
ID_W1EWJ1KHVFWL,710.7849891178257
ID_3ABZTY079K5J,1709.255237160917
ID_4PEE9P8ISN4T,1201.0516089393573
ID_DZD2PTXBQ36C,147.09124487584864
ID_VRDCKGL60J4S,1571.9851529294147
ID_W300Q133BITD,173.27439513009136
ID_BGPCJWWGLRAD,1486.5577495308664
ID_2VD5AHGUA8FZ,227.69583723316458
ID_N2YHCFW8BCW1,295.98909543731656
ID_KD26RV3Q4Z8G,392.5749436714708
ID_B4L9RE7NMY7S,896.5742794965988
ID_BN9X6GP81HB7,7.7641954396586526
ID_Y6GNK64VJEAR,420.625668498886
ID_PE586K2WC823,13.916991379800026
ID_WL15S18OVHW9,1331.0193906439056
ID_5R6L97XFBM4P,607.6514194242285
ID_55YCU1CHAZYU,1371.520206788221
ID_WNGH3FP6KNWH,974.5521850999972
ID_9JR09YWTJIPX,679.4596245602233
ID_870NP4IDB2WF,357.458395705277
ID_X6ZCELIES4N3,773.3599444061816
ID_S0Z4WELW3RKE,811.8269880592522
ID_I1M86V2XW3NU,568.7552219783183
ID_PR25E8LGMX5C,390.5742587718908
ID_5RGXU5KZER2O,773.2440034513506
ID_N3OWXZ0A4PQ2,646.9513591939241
ID_BUYPSV8J9VX4,1021.0310929384211
ID_ZLJBGWFNKT3F,389.79950044511395
ID_E3U792EGWSOZ,109.63965838733444
ID_KQE4T2DIGF73,324.92346427056503
ID_FIOW6R8A6TD9,1983.8770636961194
ID_6NHV395NXUMO,838.9639621327678
ID_DLLQTLGA5BZ7,152.54937841454128
ID_12090DS3ONFO,303.0370699094105
ID_84WRYZXSNB5W,341.8534747515839
ID_5IHINMMQ33HN,812.9745203833731
ID_Q3TSBO3V5MV0,822.501246268676
ID_ADC7FBDIRB67,325.02413409126757
ID_YFVLB2MLINSA,736.1243697169898
ID_0M2B2IU08JHG,501.64434676439595
ID_V9K16K3JJ64W,108.9251880117016
ID_T0APDRNZ2PUP,904.3762181816176
ID_UD6Y4DW52N30,352.7758058356578
ID_CPN4N1LLQUYZ,221.7945689902563
ID_NBZ50NSHWKX4,509.7692374966825
ID_JOBTZIGNUJYW,114.92134738119609
ID_QIXJYAUTNLGR,594.3657343860864
ID_AX9K1UFBM90G,150.88088711023858
ID_FDDURNIJQYRF,566.5540161320334
ID_LVNQ4RR7Z5M9,598.1343138100531
ID_UYQMXTUWGEX3,347.1179686751441
ID_GXYT79NRDUCC,314.32120565309657
ID_9GC9RL0156TI,373.9445633080337
ID_65R1QHRZPXV4,201.81486527345737
ID_61D172EINVHM,312.6615070283692
ID_YTRIQ7CPL06G,209.32105336822144
ID_SWBH0D832EJH,586.9841199184418
ID_JI6G3OYFQJKY,457.4238192686647
ID_D2P1PLCDCW6C,761.0860791341885
ID_4HZATY2UQP7J,725.0892835042807
ID_I13HAXROQ8ZI,365.1636879814311
ID_EBWZ4DITBMRT,800.87607274594
ID_46V1XAD0HNM4,188.57377439376435
ID_7F0Y5BH75MA1,191.7673119153034
ID_8KDNAENIPD6O,234.69108945141113
ID_31557CM50TT0,108.82814123689562
ID_1H73ZV2DGAJS,611.0977001490731
ID_MQBQ7Y3DAME9,581.1681935946199
ID_FABZ5F40A430,1083.976090785643
ID_ARH65MSJKMXQ,338.81611995942006
ID_NZAYF5EC84XF,827.3224982452832
ID_8KTFQU943U8U,571.7850511284323
ID_HOOPMK98RDVW,511.33693112875926
ID_6NKRHFXDAL2W,170.56198742606807
ID_3Y0E2QZSY8BE,365.04123180369993
ID_7RBTQWOKF593,245.19356142243032
ID_G32EHA5H8KCH,99.21539210193808
ID_FP8GAONCAYON,230.88095576140702
ID_Q1YRG5JLSL51,599.2937703028578
ID_LUEHBMKN3WSS,343.52416931611253
ID_8CR2PDGM6RTS,802.6791939398861
ID_UISG39MBLWG7,385.27716558588634
ID_ZFX52PINM9TI,234.1222152872587
ID_AV8EYUEUUBVA,207.21167039316902
ID_LDK0UP6ZOTQS,676.3955346993062
ID_Y71AZZAYF00N,354.76806727031453
ID_IAA19P3EN9DF,306.18980442196386
ID_M8ZJ8397H56M,770.591675719666
ID_2LVL6QWBY48W,872.0880846620714
ID_66A871THV43V,645.7121983751091
ID_K9CFTOS3JA2N,329.4678885367317
ID_SN7U1P14V2N3,425.0488320633234
ID_68RW49FF7NF2,434.8718963108433
ID_1BYE6Z8W58NR,405.1115990345974
ID_DGIYN4VXFWW3,317.77225259974813
ID_I13X0T9TWG4N,873.9113229190168
ID_7HE2NP9ZDI7E,481.4292663544537
ID_PKX1BWJLKKF1,390.5669001690309
ID_FGCBRPH417HI,189.45709458778168
ID_XZHCQ2UL7EQB,649.5105893465739
ID_3F60G7BTKL3E,357.31104733582845
ID_X8UKDAZNQLE5,141.07760686211486
ID_WF21DZJQ0MEZ,438.50054656685813
ID_2JORBK01S76Z,350.5340188722339
ID_N40FQ79VCRBZ,260.84655825133063
ID_GTLFKV861ATM,407.7355158932259
ID_27Y0YW3K0RMP,407.8305775036937
ID_WV5M56G6J46P,327.4945864703118
ID_2A6AX6F5M2R3,238.44300017489041
ID_O1WA343Z0Y3Q,393.77007690331675
ID_5RO8TLZHVZ4U,318.1288165460814
ID_WNL0HEE8FNAX,783.4187329743527
ID_KRAHFXWUE34U,578.3925177304618
ID_B0BZ87T7Z4G1,489.82738552399087
ID_EF8RZ2A57MOF,318.48723402078775
ID_CKZAYHVYDNOH,315.16392091592206
ID_24T2915PUUBL,455.43042220924406
ID_9N44D14F4Z9S,1350.168489174328
ID_4QI2PK16L4W8,298.7272868773482
ID_5GSE1ZV2KZ36,408.20922930151266
ID_30MYYJ3CGU71,185.7526910188948
ID_R0ZZ2K2C4IFQ,287.9020809765442
ID_SRSO7ZIVRHMS,483.10597966028143
ID_ADMXQ913LY99,354.7141886082221
ID_PS7YQR14G3Y3,544.2081938954325
ID_MZEO9V8999MJ,2010.8740138731089
ID_LUGALDGQDU2C,334.6867555802799
ID_6E0LFWNRDDBC,482.8220132969987
ID_BH392O5O9YIJ,310.36835807562994
ID_VP4R17PGR7PT,1202.55360554463
ID_Z584MTBFZM57,146.53989921790628
ID_FMP63TJMIYD2,225.27276214236161
ID_0VVXHZNBFV7K,406.06368704299325
ID_R3G02LS8GNA9,448.7184122076275
ID_Y3HXNR6C9VPN,441.90712498675254
ID_P2EI5WTDARVB,460.1839434672044
ID_J81U1U9GRXMM,355.12801947711546
ID_RUJ2JWO1H36Q,630.7406271366835
ID_D7KZIKGDA5TC,387.5453523063812
ID_IXZVPO7I6GFT,495.4987673107316
ID_DYEIPGE8LAWB,1505.43775292094
ID_YFXPGWLIF1JG,613.3107915583007
ID_M06RJHKBWY49,400.3930459856709
ID_9AQXDJAJZEKV,490.32178910083144
ID_W8K9BX9LC95X,860.6714086427239
ID_QI5ZUDAWIO6B,537.3277287491601
ID_UAUMCZMYYG50,695.7093197095437
ID_MB0FWEMQZIS3,297.820160637289
ID_I3VLDTUXI8OU,703.9036875680893
ID_FL43EATDHM0N,405.0468486981749
ID_F8IKOUJWBLAS,417.6922434197101
ID_MY6O19NPIVK6,1364.1868323666454
ID_XIRL5AT0PRFF,466.9804786736762
ID_V770RBDE6Q4Y,636.9471680290449
ID_0PZHH6TLV3CA,276.06877955513613
ID_VWY9TZXSBA2I,525.0730692192485
ID_0IMHIJVZNH4F,408.61990200318485
ID_J9R0XLLUEYV5,571.0480775046276
ID_SXO3TLUQS06B,448.4284091277932
ID_IIFWSOZJ87T8,257.99952974240284
ID_003IQ6P16IU6,591.8221524262922
ID_8A4XDDFF9KES,586.1343667935477
ID_ZADQ4EOPXZ5X,569.1453049369935
ID_T3BJIT95VAK6,1052.0023652992595
ID_9JBVPAY5SWE5,226.01397749639122
ID_H69MYTOAOWGW,2239.2391741394003
ID_KX131MVNIQYK,176.12816672665912
ID_9TBIA2TY51SN,343.50156257939534
ID_LSJ9Z973V7HY,320.65537889358404
ID_1V7154B52Q1R,796.0122762441165
ID_61T1B66LGY96,965.5226339635302
ID_6OMUQ7RGG9PB,235.20957460974836
ID_UOP0YIGOD0C9,841.2526128453505
ID_FUEPC3I8AGM6,253.18493453807383
ID_9DZ2XHHCILE0,323.10048276462817
ID_K31RQKN5YZGQ,129.54774879416743
ID_5ONQKXWCPAYW,347.9289052061231
ID_WTFWWIHRP8QJ,126.6357412306054
ID_1DB4QAC6FY9E,151.4181566748347
ID_JTN33DQWNP8S,310.3866555525297
ID_URGC9CNXA7X5,345.88957720975293
ID_TLCVMIUVHIDA,647.5637334078637
ID_TUK3UTUY685M,300.9606402902186
ID_C3CXY15NEROI,687.2529418516065
ID_HLKXLS0FWIO3,316.8146788489994
ID_3KYOCLW494ZU,521.526156004515
ID_ANAMG2154VTI,1059.100000426987
ID_RZYTYJZGW8V1,417.3809840040609
ID_U0TE2JB46YOT,1716.1572221411084
ID_033YEZI2YTMN,339.0258471121811
ID_M5MUL0OYJ521,298.5024742044585
ID_GLNNBNCO2ZJT,299.9874340130631
ID_5D0G39C74311,141.7472329505823
ID_76NPV6TK8935,572.8463567099111
ID_ZBDU7B15DZ06,616.7791861472042
ID_7ZY916L3IR3J,527.4367585246232
ID_NT49YSFTD1RL,214.63952761700358
ID_JO5LMUSPDOE5,483.9730263091753
ID_20WSYTHON01Q,148.28636969211257
ID_29VL60799V4G,617.4177599727129
ID_LWOVH2BGMAXM,724.7562044997344
ID_U40UK9R0U769,907.061051308942
ID_GLMWDVQ0ZBSS,492.1753765933447
ID_H9WPOE6GENMJ,433.1247979700967
ID_D777FHIP8F1R,783.8761972082389
ID_UE7JO485SVK6,96.89840779756969
ID_KMUR984JCI6C,232.9990102104303
ID_5UB63IBXG3O1,405.2131050289068
ID_IP1S04YTUGT1,1035.7344127741821
ID_UJAKLBHMJ3YD,709.5499828408507
ID_W4V2VRY6V3ZG,318.63544495291757
ID_UPWIMZ9NKMFX,614.2248323780818
ID_TVYVXPBGSFUC,244.16356639334367
ID_8WEKEFRVWLHJ,508.39523996718196
ID_9RLCRH7Q0PXK,367.8907619395595
ID_02G01CVY8X2H,279.0218734757615
ID_KE5BLNSCOGKB,879.3572031619924
ID_9JNMULI0HP0P,890.4048346320176
ID_B8OSQ43TMBSR,545.3679556875605
ID_PZWWJKYN923K,765.1838481076893
ID_834BS53CZ6LC,487.19336918244153
ID_5BMWFG250JV4,537.0973869669799
ID_LM22RNI83BJM,514.6031511939976
ID_JQS59EY819HO,222.6151829097061
ID_E43X5ED6NLU1,431.5921483800609
ID_8UZSHKU5UT2V,777.3029879278708
ID_DJ50AHYEIPZ0,644.5783330524166
ID_R4NIIOESVN7T,1155.8149910993106
ID_YKL207W57L0U,250.75024532958068
ID_12P6RU298F9N,350.845027487146
ID_IZ6WTP5Z17WN,712.7819527345948
ID_NZMFMBIC4FNF,245.36851809866516
ID_JLTDB0VTB0E7,241.95899656646912
ID_17SQTC2HLKAE,437.1422622863368
ID_I1X7CIDBKXZQ,250.88685648127358
ID_PSSACU4V0O6O,491.94918248860716
ID_V4HUIJ6F76SW,315.86825687710007
ID_8COHYHKML3JP,1065.5486501821201
ID_JN4AX2B2C50G,111.82008531531328
ID_TMJ0OO9Q2WOJ,1979.4411744368613
ID_C95LNL1M8H2N,714.7980119693693
ID_RVPLXJ5UWB6O,245.24220587640065
ID_TV9CCKV6IGN5,1558.7630371481237
ID_K19V3I8YE12K,333.70460750625386
ID_KGXUKFH4Y7YO,561.6683319062706
ID_WJSH3NU9GIQB,4.079809099819391
ID_EQZ7H1WA78OS,227.441153269563
ID_1MKAKRVW5T92,155.74301751205212
ID_PZFWOHDEYNGN,580.2608757083434
ID_725LTZ95U1E1,744.4221890241888
ID_THK0MEQMKDUT,1336.5727822559684
ID_RTQ01NMMKXYA,528.437159048328
ID_8B19FL2AJ194,193.48052218342963
ID_D6RNJ17OIWWY,778.1707819147781
ID_HUGK2Y59U7KJ,679.0761158147877
ID_KWIMK8AMZF5A,732.9358008630429
ID_UURMSVZDKKSF,884.3018798658875
ID_2R9G9PQSADOM,327.7111560132864
ID_BI9UDH99U450,251.1957643346512
ID_7ODW5MXTDNCG,736.8947661470113
ID_HWJ9WKS3IB5J,421.06688925208783
ID_JGO7PWMYOMUB,564.4694356315005
ID_MCQSOIZ5BXGC,93.8761965314298
ID_J0X3K8DOSPYN,494.73178480150864
ID_VGQJ4WYJJBAT,334.3786901033987
ID_FHRVJDWVEWZK,644.3692783920118
ID_YFDZZ7FAT8H7,672.6610828975032
ID_ZW6ZATUAC5CC,505.0891359713245
ID_W0BWKL5E7PYH,952.4830404640753
ID_9DJGFL3PX533,569.2898997170915
ID_NYXDVDMQO20V,789.5393590762377
ID_J9R96PPZPO32,786.0486581136109
ID_03SHDKQD95XF,169.87204363412314
ID_9UYFG0NC9QTM,652.7743886429143
ID_PR26C0RSQ89H,568.7604639125759
ID_KOOC7HGDZA0H,777.6365451697133
ID_218WMH65G8WU,670.2251710264545
ID_PRAU2EMQM87U,338.1873880439614
ID_D6ZOJRHT0A7H,413.89890040382113
ID_CITJ0RJ9ZAOC,766.4108257106773
ID_TP5RXW7QXP2O,2238.5606854667917
ID_AZNDXJTYSGDF,284.72671525451625
ID_78WJNL0RRA6U,670.2334363747984
ID_TM6VWF7REIS6,1544.2768177596163
ID_X3TVNO4XNHN5,721.0741418167053
ID_3TDSR1D7HQ8T,628.7591666259988
ID_82ZSQZQGLY1Y,403.43750916436625
ID_8OKP01595X94,263.93999430740524
ID_2OKINRRT0XL1,1896.0886765620462
ID_DA98EJU0NT76,549.6568609440094
ID_V17R17KYCDG3,516.5621555129092
ID_OM42UEJQR618,265.2397891257311
ID_646D2KBLNLC2,251.84520170148676
ID_9RU7QWS0WIDP,742.729962727487
ID_PFFCHUW5O67L,531.8667975932905
ID_ZSV9TC0UW5CK,417.9024301547467
ID_MSYLCULH22KD,544.6994095504218
ID_6ZA9ROTCTCTY,434.29715350539533
ID_L0J7MCL12NR4,289.2170446906209
ID_SCDUXWEDL6C6,699.7180757518515
ID_7QHVYN5YJYAP,172.91712419183216
ID_AUT5E4W1IF34,1259.7557236417229
ID_7JO0TQWT9W8K,379.7512152626262
ID_3UUBOUNG1CH8,205.23015726259038
ID_4Z5JFK9VF762,248.35556637896
ID_3Z9LB1PGHP96,745.0828519115416
ID_D0X7IDGN74GR,370.9912908090091
ID_BBY6G4GET31C,1331.7280992705491
ID_PT5LBK4XRS89,572.5403694792288
ID_Z6A67N4N3KEJ,4.531687030717862
ID_Y6D7U7R1ULMA,318.6083586450022
ID_WQOUU960NDO4,34.81893646035206
ID_XC7PSRE6WWFP,326.24351952306586
ID_VF7NABSVT35U,644.0731990852039
ID_25MZL6HIS26M,938.2255007511667
ID_D86BC6U7FA2J,512.8454560612836
ID_F4KMTFROJWL2,430.56881167672503
ID_QK4YHF5UETBQ,284.2352401346908
ID_XPAHSEI49TYN,1108.6733593540005
ID_69F6K475WX7V,184.55736081932665
ID_9WS9F7Z1CE3M,302.8581437093568
ID_XJC8VVXC9TBX,516.8210302555337
ID_CD5QDTLLZUPT,224.56549491380696
ID_O80J4RH6LVDS,974.1751630467611
ID_KWSKN3HTLPK2,191.4589989028188
ID_5SKHT6NDFHJR,127.62487923235503
ID_KPQYKBZGK6Q4,374.7976721984896
ID_866ACQHJ1632,281.10489718285083
ID_WX844ME5IT0M,13.536215465589514
ID_AWNJ1KEP1QK1,959.9179631778737
ID_16ZJ7XNWB9ES,876.6260091673245
ID_2NKYXQYFQQRX,341.70986874804424
ID_DDQYDSPF4BXY,560.9865586821405
ID_1KBQ8Z8QZOL3,477.05078390627193
ID_GJO67I9XF6AK,550.4786720555483
ID_PCOF5INSVXM2,412.37585761789603
ID_W5GMROHJ01RZ,206.4435944974736
ID_WD6GCHMOFFZK,313.85976217286077
ID_GF3NQ1FP4MXO,1273.1702088764569
ID_FBQI3IPLIAAZ,85.61987179574668
ID_BKRCXGDJI2ZU,387.6705178422223
ID_WC5O6CA49JCT,284.08596577670664
ID_TC771F4NXFD3,536.2280256709174
ID_HQAI0KUSI7FX,835.5516690370703
ID_E22MKA5X1C38,353.33418923108303
ID_P4TXP8UNLQ5F,2.7159392439749763
ID_7VFK2TR4EHCU,467.6218927173969
ID_XIMWJDO2J9S2,98.35715449804593
ID_1SFZQ86IVMCZ,1068.405002484152
ID_XNSVNT862EIR,1100.473699419681
ID_KEULJBL0QMMA,403.95950386641715
ID_GEAJ29CHENIM,463.21485459122556
ID_XDHNQQ1BMP4K,364.97183287468994
ID_ZG8Y74HTDSKI,93.51733642828248
ID_VUYOGM0KIABM,1126.4469476237007
ID_U4XH4UTLQ5EO,316.14236756577367
ID_M1TT1PZJYQX3,398.9211002485289
ID_DO1SCI0NAS39,648.8065442904897
ID_PP2CV6NRSO3K,268.6428567943963
ID_6F4A688829M0,1312.2491985131724
ID_67C7XJW5Z9AP,444.98235875974433
ID_G9GXUSA0IV0D,250.84726291072045
ID_0G0WQUKBXG47,387.2367996064178
ID_6EWF22XJX21H,825.5728277784076
ID_UIL7S6F6IKE8,411.5985525274401
ID_O55OOUDQOKBE,1874.93503651617
ID_OKZW0FT04KAU,4.848541404390988
ID_5QCE458KP8MH,416.4517317393959
ID_K1MX59GNDLA3,925.814562227973
ID_XEAANBI4M6MP,821.5603906155114
ID_7K7V374NL5QU,218.27820460343975
ID_Q73O4J7PYNLD,1253.0642577331837
ID_8X79S7L9FWUS,395.92222465365893
ID_M97TRZBEVI0V,254.54324061397284
ID_U9TU5QRVSIKV,652.881553253563
ID_PQPZ0AVV5HTH,821.599396357948
ID_1L6LU32N1HFC,175.72831862857555
ID_UBZ21YSSVE0A,505.4977654062301
ID_TFXFZIX00RA7,1259.5583038000636
ID_32CMCT5XS364,352.7744423302648
ID_E95XC4DYH26Y,2.903488457942984
ID_S8ENYM45UWSC,2226.647539618757
ID_PU514SH6TUVR,177.6687783786336
ID_RVEWUGCXQCNS,453.0572733637124
ID_BG6I25RU4JV3,556.3847741837092
ID_RNDBVA4NU0LW,375.51520696542906
ID_H1GVVG7EF7WE,410.06200337623017
ID_4VG5G0IN38WK,125.85031295233789
ID_LI1DHO8DO7WH,230.6678759076629
ID_K9IUCGCTABHD,528.3252882165402
ID_COWCI2PI2LF9,106.07825740238462
ID_0QE8PUWQKHFZ,718.6326539876918
ID_MT3EUT7AX265,358.4452142740189
ID_T69R1A784TNY,1358.0245368920116
ID_N4FRZ8SPSN61,261.88590222444367
ID_DFIMHTLXA82W,779.2211912460372
ID_BI4VNVU7JAXF,2030.0413183943529
ID_6C9EUI1CKTQY,1189.5068076207515
ID_V7R0PZU27LD7,376.65568904462845
ID_NXHSZUCHTMO8,1002.4968207017331
ID_PSSPKF9A2USI,674.2609428769529
ID_M9XZ0NNGCXJE,315.3712229725043
ID_3BJCEQIRMQTP,535.7698075522217
ID_EWS2TOD7IJZI,1295.9519742063176
ID_4N61JMVTUKQ5,226.65531800591458
ID_B5NBU4COPYXW,437.1557282770847
ID_ZS7CIFJ5G37Q,1897.561587703843
ID_X4E6NMBKJLQT,61.80055414969787
ID_1OH68E5CL3NC,895.2325275348375
ID_DNSUBE5MRZR8,1093.1074985358307
ID_GHVXO83MCL6I,864.8933042626727
ID_CQ0FBB1L5EY3,363.40672798061115
ID_9PEPYSUTV8XP,604.3603423975376
ID_CH40371WNU45,315.2367460153238
ID_KREBTUJY9PUQ,407.3927425659089
ID_AH2DHFW5Y7VZ,550.3091736969695
ID_O2YSLD8B37UI,427.42335786842426
ID_CGJLQRDMQGPI,392.55618785059545
ID_ZIH4810LD2X4,395.37762229766054
ID_1GUQ67PJHO6G,213.14009498005936
ID_YO7NKY9DFON2,1323.310050231898
ID_H8DG3XXT4R3S,413.5893451003343
ID_FD43UJOLYMFB,341.9329275552226
ID_BQ8JTW0GEMB4,551.0465661247958
ID_RA7TSCPF1HBL,495.47881759289623
ID_HMSUJ88077KV,267.0757433000964
ID_2K6CE567GZ7D,436.67230640448525
ID_J0UYQQWYJDJ3,708.0775137875892
ID_42YO171TPVHZ,805.5187188599872
ID_KMFDQQYDBS4X,505.7473370225168
ID_EKKF7GLOX3SD,315.14180509292487
ID_NA6TYX9PY21I,534.2713534301828
ID_PA459A9AES6D,1724.027993888401
ID_ZHJ35MUIKDGT,629.4151261522404
ID_2KS148FT28VY,887.1482745302964
ID_ZP3Y1EOLD1XT,318.85041526321504
ID_M202WZ18JHLM,649.7865934068188
ID_O3CUG423MY9H,1969.9881055868143
ID_JK4O5BTLDHTX,337.02358502030245
ID_69E0GNTDT1LF,1929.6236181456393
ID_RN3RLK50ETXN,493.4920367136905
ID_PJ3QBFDFCBUV,272.77084135079156
ID_WRU2ZQEZZA2A,1376.319774571935
ID_261VC80CL904,287.456454677377
ID_3PR5200O44QG,1479.1627168697894
ID_V315713I7M9M,453.6947245622178
ID_WCBVJ74XU15K,502.8137602602128
ID_ZXT4WUZLCMVH,399.1927480827307
ID_GDU9BX84VUVE,1941.4222831304614
ID_5JB3YMBM4T6O,357.7168485862884
ID_KBAPVR46VC22,843.4709261380808
ID_4IXICKTIPPLU,1107.1006234622812
ID_AM94QK241VPE,1831.7654267041544
ID_W12HOWGGSMS8,147.985528459772
ID_Q1G32KADTS51,259.56123689779827
ID_V3JIA4P4668B,766.0888429456231
ID_Y86K83ZPC3T4,392.91454528990255
ID_K6M588093ONJ,409.07517245774454
ID_8QKXNKEAI8U8,76.34715893716721
ID_X7PUGW9NI1FI,310.14121657231044
ID_VTIQSDY0X1FD,392.5776281524895
ID_4VC1K7FA4J17,247.28885205521615
ID_3GCDF7RV12BF,510.25560863602607
ID_PSLVQKNWEZ0N,381.0026532518124
ID_IGCX54TFOFX9,341.391162972332
ID_1SZ0EPKMQJ3L,299.9108817107678
ID_RRLAI5EB891O,1531.3506769799276
ID_ATRY9VIAPNBP,427.4001342745217
ID_5LIP4CV5CHJ0,491.1280266231038
ID_ONHO680NIUHR,484.5208923973456
ID_VTRB9ZYY4VI0,644.5857925040592
ID_JAE3UP8KOYFO,284.24728417430066
ID_I02Z7U56HMOO,677.2726094654515
ID_RFXD3G5UO06W,1632.235454220653
ID_1SQXKIK51IGW,211.59599844525712
ID_T5UXJ5RC7PUZ,645.1798271529083
ID_JM7G4MGZXPA4,526.0639778829576
ID_6FF2BX4HPOG7,319.38597453886126
ID_8UTWWHXEL9R5,835.505108304521
ID_3YJH7Z2OWJED,675.7936002907082
ID_4BVYTNKO9YLK,1261.7616414341198
ID_KNDRB17VJJHN,180.92794556414097
ID_PL3IRYM11FGQ,1008.5481417198513
ID_33QXHWS7FFUE,791.4084918605797
ID_2J04B9UGSZMQ,862.5153228719366
ID_ZJV6QMH0E1S2,725.2889509639579
ID_3SY7ARGY3QVX,1931.1649812443065
ID_KIAVLFCA0QAB,175.25996006864136
ID_Q4EJVPZEZXGI,540.7989114227971
ID_65605390LAS9,923.8883629885349
ID_Y104K9OC8UGE,629.1981555017321
ID_3K6WOEPF2FP8,819.0167898404113
ID_LS72BPM71SR7,412.3804414798651
ID_Y7TIOX2MBVN1,247.64174805422385
ID_JM80BY34TODO,194.67980572101465
ID_2WAZFPTIJ1OA,315.500008810566
ID_T9YY5C8C1CBO,493.5255110492498
ID_UPRSY14003PO,308.71835960481445
ID_7XOLQOXF8MQB,350.0143567555527
ID_I32E35Q5PL6J,606.3889021712837
ID_22FO3O040DBN,545.951164422533
ID_2UXKSAJOCCUC,368.31005506516277
ID_5GUT0JCPY47C,348.5102463857297
ID_LID7SSDMXCW6,71.12119403291535
ID_WCWCOJH95NFM,218.09263064419002
ID_4DWQ8EGOZF76,451.4992937707321
ID_SJE53PFBNDY4,568.7507579495726
ID_MUP7H5EUQUYW,813.3265250162433
ID_2G8S8FICGX1F,941.3650161183816
ID_T6X2E4LGICKT,229.95067409231865
ID_2NBITHH2CMR2,392.71091188836266
ID_IXO2IO18FTPN,830.6893228327792
ID_35RBHZZG2K9S,430.1220626799826
ID_5X3KT9OXDOCL,1072.5759486594939
ID_EXX5T31QH9U4,547.5076286505724
ID_LSZRIL56T47Z,805.7182842213667
ID_5ALLBTPE63BZ,637.8759405086332
ID_ZRT3VO9XJTOJ,424.4229735659212
ID_IVZNV00VK1WF,126.47789456283485
ID_STJDVR9FV5ZK,937.2903207026043
ID_MUL2I0PV3WXF,542.2527793482465
ID_350HG62PKSV9,223.68994897140703
ID_CFU1OS0WRIF1,420.0664950779128
ID_E2X9RKRER7VN,411.21168458758035
ID_FAXPVHA3GBDX,921.3182911863702
ID_U20QSSM0WQCL,347.71900360955425
ID_8STN6IQK6GRH,4.82766334129823
ID_RRV0JV74KLEG,512.1619548952118
ID_SV90TJDKZDBO,1828.6915968877424
ID_VG3DNKAC70DB,364.66511946856247
ID_N6VEVLWM0JUZ,632.822225806522
ID_R6EAOP7SKH4P,1006.1913657167936
ID_WY1E27L1SF3F,631.5935989222326
ID_S6Y3EIMQPINY,360.56957180504526
ID_C6FGW58XYOOC,91.31140503380814
ID_66ZQIE06VO23,615.7253728744485
ID_OQGZLQDASMAM,152.5829757139451
ID_O0VXS8F7E71M,241.2582658964003
ID_RYWO2W04NGOQ,697.8357859146618
ID_UQJV4MFOR1M5,409.5114018031097
ID_4RF26BVNXYCE,1410.0890893234364
ID_97BLKV6Q0HEL,2235.267123796444
ID_UBBEFJS5I0QH,165.92466749615573
ID_1O85NFRVJWEG,561.4718885094657
ID_IMHZWDBK0ADL,262.803212575642
ID_YP71ZG5HZP4L,595.197638370527
ID_EQYXNVKPIZ8S,334.5609130485619
ID_IUMZ7HN2JIIN,538.7285154373716
ID_TEYADZ461KBT,840.1621334787563
ID_WBKUDZP701N9,608.244548016542
ID_QREVEZ4H807A,146.26678616359786
ID_1FI6VLAJHF5I,1264.747081344466
ID_AGYQKZWO32LL,580.9415779844187
ID_2AWB54BA84ZT,386.03213537799616
ID_HT3K0J78M9RG,641.167863086618
ID_1Y0O3Y0QYTJS,496.6973825688813
ID_ZKH62QGNMI1V,86.27154128716856
ID_BJVKX6P2LOVK,773.2340260441676
ID_RJG2AH2AUIN8,267.22216433209724
ID_C1YRVYTDHBCI,312.35922008866623
ID_1TJKPVFP9B3X,265.9946641922688
ID_ENTHBKNB4R99,577.357604208969
ID_TY66I8PV70BN,126.31391826888773
ID_6MMECMX3B728,1258.5989585523919
ID_GZ9YGWCLLMKN,446.0172775963789
ID_01YVA2LJVYBR,212.98955770952006
ID_YQRL2IOUU4SZ,382.1861398939208
ID_VAX2N8ELPEZE,355.5696692223704
