ID,Yield
ID_F9XXEXN2ADR2,541.1661
ID_SO3VW2X4QO93,417.05353
ID_UKUQ7JM8E894,576.2092
ID_QUISMWEZR2H4,340.6425
ID_25JGI455VKCZ,608.3318
ID_KQEAOXF3RPV6,402.50546
ID_FSNZCPW9HTD2,861.3427
ID_U2TOPOA0T40S,345.81293
ID_XVQLSUKOT04J,1306.1562
ID_EAZAU6IW58PK,207.35637
ID_WI17R25TC2VU,356.5463
ID_OPR9MJWG40U7,1473.7108
ID_P9K9GAHC6FX6,615.574
ID_SCAOUCCTJ75Z,182.83418
ID_MUP1OS8GZR5E,1025.3005
ID_WVBSZ9VBC9HE,667.0912
ID_9MGH1WIKFBNB,418.3124
ID_3M2O3EPOM18C,1777.9667
ID_K9MOR4N1FWIB,588.29767
ID_VJPUPMSQARO5,1318.7751
ID_7WIMK3DXIU3Q,1078.112
ID_6QXVH0EUS60J,1108.5952
ID_CA9GH6Q53A1Q,287.97446
ID_94KO4EQ6TA3S,295.2164
ID_2WH3AXUWRS2A,291.64313
ID_LBS8TBC6QEF1,291.64313
ID_Y3YARETW8RAP,895.5959
ID_BY9JJAIKBRGP,421.88568
ID_0U5AM482W1DE,418.3124
ID_G0I28ORJC3OP,425.55435
ID_Q34ED4EMSA3R,603.8762
ID_LN3LXEG984XM,608.3318
ID_0JTIPPYRJND0,781.3473
ID_2MRD9I2X8UXB,207.35637
ID_KH1FHLUW2T4X,276.323
ID_RFM5MWSIU1JX,355.5737
ID_IAH2UTMDVU8F,287.97446
ID_9SNP46T1GSJI,655.35455
ID_DSQ9ISYFW4DB,421.88568
ID_B8XYLC3NM6XD,218.32271
ID_HOG9LK4CTN8K,420.7222
ID_L3RTRS1QIY6D,436.78006
ID_03QW4RBYQEBK,395.26352
ID_ZJSYN3ZHXK5K,861.3427
ID_UPRM76SZ7IJJ,615.24023
ID_YB866N9RY5TU,544.83484
ID_4H0KNHPKF9BK,219.0078
ID_TOIT03A3WTTD,359.24237
ID_4P7NKCB6LMJ5,360.48776
ID_1TIMGZJLRLWF,608.3318
ID_25E6065LQDON,664.2608
ID_SOB9B3H12POE,767.9875
ID_A8RF0GQGJF5H,862.91345
ID_GT36LGF8SM8K,544.83484
ID_E9OHGDA3U6DG,418.3124
ID_HXWHLMRE99CE,895.5959
ID_3VL9DLFRG5A3,366.4843
ID_OKPI3DR2ZQPJ,345.5704
ID_XZO6ECCAOC94,1003.1951
ID_4X2UWYR6RIE2,583.4514
ID_1LVAHN6PZYBS,859.342
ID_HRAJFKTPCNWQ,1827.7598
ID_TK4H5NRKHOE8,307.30795
ID_9U0UBT1J8152,366.4843
ID_3EUKVYT37JOP,294.05292
ID_1499QWPPW755,537.59265
ID_ULWP3J0G860C,406.17413
ID_51FSB3P7RO7F,603.8762
ID_FHMVP6OM4GDX,1509.7681
ID_2OICAUFVUF5S,287.97446
ID_ZGCFHIHAIC5U,418.3124
ID_SR592R346POT,1082.8704
ID_IW7UUDAW8LI0,425.55435
ID_UNWZCF6L3JHJ,418.3124
ID_Z4FXX0BNPHCO,544.83484
ID_T18YB26T1R72,418.3124
ID_LXZWOINVI194,603.8762
ID_QNQJS14C9JJR,1769.7316
ID_NTPIQUV3J2G6,767.9875
ID_PVQOEEDTISZ0,149.35608
ID_PNB65ASGG3U5,366.4843
ID_KWPXATBZDX9T,537.59265
ID_0G0F9TOR4IMI,1172.7163
ID_FVLMABW5Y6X2,864.9142
ID_O2PL38IY50T5,510.7459
ID_CNG8Z00FPPMP,781.3473
ID_641DSHBH8JAF,1203.7373
ID_Y14QXUKOFJ4H,362.81564
ID_DRP3WZV4BNIE,615.574
ID_TMXV7UW39T80,287.97446
ID_0L8O49SS6MQM,544.83484
ID_UGTG0XQELY2U,418.3124
ID_0YZYA9AXL9Z2,291.64313
ID_KNOK4V0IWVUO,207.35637
ID_YX4DF17Z25RV,418.3124
ID_2YAZXP3AEDVO,366.4843
ID_YNACZPCVVI09,1758.3878
ID_75GYXJW1DYGX,330.25027
ID_YRCMJRFRTU2K,544.83484
ID_1L4WBTHTDQMP,608.3318
ID_RO0XF0TFLRG6,596.7987
ID_NJ7G0SAVDN1Q,418.3124
ID_UFPM6MLG1BJK,149.35608
ID_ULY51B6WQ9FV,837.3546
ID_CR6L4TL2VEEM,291.64313
ID_4YRSPS7X1V7Q,421.88568
ID_ILQ5YE78E0SD,369.18082
ID_WDNXY8YRA10N,425.55435
ID_WYK6LRWQ21ML,359.24237
ID_EBA4QUGDXB5I,1127.2572
ID_2WCWAKQKRA74,765.98676
ID_FTSIEXKUER9Y,359.24237
ID_64BCOW7PEP3E,207.35637
ID_0N5TFB55JBOB,718.55896
ID_9AE1OJ45UFJ3,544.83484
ID_NJWAR6L7X4Q6,781.3473
ID_W8U6J9PKGGGI,418.3124
ID_WJUUIJMPNLHW,425.55435
ID_S7F4L5OW7OKD,772.4657
ID_Y0OX05BLLQPI,219.0078
ID_XJ7ULGKCALNF,595.81195
ID_8NU1PZBDI5C7,1064.0624
ID_CPPN31R20CBA,649.6847
ID_D20Z6VEJBE6K,149.35608
ID_N6RSTF2IR5GL,418.3124
ID_DJBLGDPMS85M,149.35608
ID_34J19EEKSSHY,698.428
ID_P8MQS1ERUQ9F,291.64313
ID_U07HHH2EG6K1,781.04846
ID_IKAOSO0CFKYZ,287.97446
ID_NHQ2WMFGNBS1,366.4843
ID_FRJ3P7XDG7OV,577.21204
ID_5N0W8ZFFAIQX,421.88568
ID_OFSHZ2KZ1LQ4,149.35608
ID_A6C1G6XUATUE,389.21097
ID_N99MP1180BJ5,267.13522
ID_D5F8SLVPMZKE,227.43146
ID_49QTISSSNQ0M,610.7417
ID_S1WHDBHNKLYO,356.5463
ID_9YE4VBW3W1WJ,418.3124
ID_7SWZRG2B52YI,307.30795
ID_41XNQZ8M4QXH,425.55435
ID_SIB0PJZQMRBO,362.81564
ID_M47IW492SXOP,207.35637
ID_MTUJW5V02DWQ,837.3546
ID_Y108HSDX00WC,1076.5591
ID_QRD8JCO8QWCF,207.35637
ID_RIP1ZN0ST7I3,218.32271
ID_BPS356NV28J7,944.8605
ID_0KANA1KYEQKW,219.0078
ID_80MMCWDS27VC,958.135
ID_CH1WWOXBV7L8,417.05353
ID_PM7YZSDTN1OI,599.4002
ID_FR4XH94DJW50,577.21204
ID_D1IDORABBOBP,425.55435
ID_0BE8BMWG3A68,537.59265
ID_RY2QD5TLB4US,395.26352
ID_S8D99RRNCOMC,1309.7275
ID_YZLW773BTIA3,359.24237
ID_FL8VHWG97QTI,603.8762
ID_JVLT86OR9T15,615.574
ID_NBSTAXAZ24X0,1080.1304
ID_43VRMQQ5E60F,366.4843
ID_HI4ACMU7M13J,414.64374
ID_UI96L3AE8YXY,608.3318
ID_UXRI6OXKF50S,893.59515
ID_FW06NS2YA7QW,418.3124
ID_RA5OO0JVNOUF,596.63403
ID_EVGU94YQTZWM,219.0078
ID_GHANLFEJN9UW,219.0078
ID_HXBFX8X2DD7B,1062.9387
ID_KUNLQSF5FM19,533.9239
ID_7XXH76413XNT,667.0912
ID_D58TIQKQLU7Q,383.61206
ID_W5CLRPVGFRKH,510.7459
ID_A3Y0OIB0BE59,425.55435
ID_C74NLELOCNTS,1723.575
ID_2FIGN89QV44C,218.32271
ID_QN4PJSV2CGSJ,340.6425
ID_V5W6AZBTURWA,414.64374
ID_L6E0GOTVHSCD,589.5565
ID_Q95BUWXK8RM3,219.0078
ID_5TLXCFLTYF1F,425.55435
ID_GLBHSYJG9S5B,1069.269
ID_3X3YHRC7IIN9,615.574
ID_5H724YS64665,864.9142
ID_U4Z5RN88FCZM,608.3318
ID_05TGZGOMI6MF,544.83484
ID_0GCZV8RUSZK6,359.24237
ID_UV06K1FM1SB5,544.83484
ID_RCJZ3PORBWFV,218.32271
ID_W1NL5CU9VHQS,417.05353
ID_2WIYFQHMJPYD,837.3546
ID_BFFULEU6PVQ9,207.35637
ID_JN31K11BXQ0E,366.4843
ID_DS40FHVR9R7F,359.24237
ID_DNOT9DTVZ6MQ,718.55896
ID_Z58PO8MMX8YV,716.5582
ID_NEYMBJKFHN1X,544.83484
ID_RND7MNSA6LWV,291.64313
ID_U407VXC7F9NZ,359.24237
ID_ES753BBA75GB,207.35637
ID_APRL4BTWWRW9,359.24237
ID_S909ZPBZ39II,394.63504
ID_YYFP9SWEV0U5,1130.994
ID_25EBTESPBHGZ,718.55896
ID_W0W8TG7XRWE3,222.67647
ID_0FU2BPIOTMVD,615.574
ID_OF817VW3STNX,537.59265
ID_7QATIJ9YSL1K,1723.0885
ID_LBPW7URC7BBW,544.83484
ID_7WYQ81JCM9V3,207.35637
ID_JGSVOGVN6522,603.8762
ID_TOUB2GY1ZHXT,615.574
ID_9AJCTSUQG7FZ,544.83484
ID_VKOZPEUVSDI8,667.0912
ID_UG5GQ68S58OW,425.55435
ID_4RB8XK2ZB1IR,771.55896
ID_Z3P4T6K6P2ED,219.0078
ID_VUGTKX63R5P0,418.3124
ID_XMF3Q64FMLBK,541.1661
ID_DTWCZ9G9C8WD,779.34656
ID_0MNYHJUPIOIT,345.63568
ID_ZGAL960JTO3R,425.55435
ID_PK835TJNER3I,615.574
ID_KVGPYMSHB2WJ,359.24237
ID_OWIQYP0I1HGW,1067.6337
ID_7RS2XDILJLBL,425.55435
ID_EDCLK08NMF0N,425.55435
ID_97Y87C3ANP5B,366.4843
ID_D3SKVOTTB4KQ,291.64313
ID_APFVFYM11UU0,1758.3878
ID_TAIVU9LHBYZ8,533.9239
ID_NTR94XDRQIHZ,207.35637
ID_8QCOFS2HXOJQ,425.55435
ID_7ZZVZZH08UWF,418.3124
ID_9NGVV4V11YU2,418.3124
ID_5G8RKC18KLXV,425.55435
ID_BSVRMHEKDQKD,417.05353
ID_6Z12209FUIAT,765.98676
ID_IRBHYP3G7UXU,359.24237
ID_9PH4KNPDDVWS,748.8702
ID_S4G0N1TJEDUG,402.50546
ID_OP7NSDQGR6AE,293.22873
ID_32RIU94UJDHI,1286.474
ID_85WKQYHE0W5H,837.3546
ID_2T4I23J42NUP,425.55435
ID_LOJZM912S2TH,537.59265
ID_FQAR45VD4PQ5,666.6707
ID_RA4Y3ZL70BWO,1074.3752
ID_UH3QT7I1O24Q,207.35637
ID_P9OZQ56CX2YO,544.83484
ID_RB24VMV9FIGM,425.55435
ID_XECRIM8DR00Z,1076.5591
ID_EYIQ79MA3T5E,718.55896
ID_B0QBM2S1R9S7,275.9227
ID_1L74BG9P0TKX,781.3473
ID_141KG0TOOCJ6,781.3473
ID_IMKLSNJKVI4P,359.24237
ID_253P6J7D92PW,406.17413
ID_PCC17RCZX06S,366.4843
ID_7MUPVDZE1ZWB,1270.708
ID_O994OZU1NP7E,544.83484
ID_RFVKSMVILY31,537.59265
ID_MTR7TTJ5LSBE,207.35637
ID_87QM8DS5HSU7,1067.6337
ID_8KXPBLV53NZK,418.3124
ID_LQVS4LC3YRMB,576.2092
ID_ISVACTKT5MAA,425.55435
ID_C64B9DUNSCM1,219.0078
ID_ZXAE37OWUMFI,425.55435
ID_L7Y4MKY66OSL,608.3318
ID_TZ1FUOUR0Y8X,646.71014
ID_D7HMR45HU1ZW,418.3124
ID_UCZXI2H7S2YD,267.13522
ID_7TU75PUQP312,1507.409
ID_4ULCEP364DAF,544.83484
ID_8EOY07K5LOC4,402.50546
ID_NK47MAUWJ8Z5,207.35637
ID_8ZCGIWU6GZLO,349.30435
ID_SNIWSZ237UOD,330.25027
ID_7LDSCZ2OPT0K,544.83484
ID_TK2TH4JSJ1KB,222.91907
ID_UUXFZKSR58SC,349.30435
ID_EVACECC6XIW9,1286.474
ID_U2LSES0Y4I3C,1232.4211
ID_NEGU2TDNC4Y0,207.35637
ID_WCBHSOBP51H1,291.64313
ID_SVRQ4NGZFMMP,781.04846
ID_5TBBUKHYJ1KI,624.5281
ID_4AOR8R30LNOD,425.55435
ID_5XOUKBLNO7AC,568.7288
ID_IQZTM1J018FS,781.3473
ID_Q9VXX3O6IZOD,287.97446
ID_HTEQD0S6QIB8,359.24237
ID_0GFT8KE7O9RP,859.342
ID_SHFI8L6O4DQ3,765.98676
ID_64MUBP88ECF6,425.55435
ID_EHYBYH7QLOSL,227.43146
ID_GTGEI6PS93QJ,1096.8126
ID_TL9C9OJ8G68U,267.13522
ID_SM1GWL52K1F8,356.5463
ID_DZW8R8ONEU66,421.88568
ID_HBDA4P8811S8,894.2869
ID_CJQOTSL074N8,589.5565
ID_KZ0X60V9XQIG,1771.4642
ID_0TWFZTV06NYT,572.37976
ID_PVJN35A46C0K,603.8762
ID_D732BOTXBLSI,425.55435
ID_342GB00NU2X8,219.0078
ID_AQUL5HCLWJPM,1076.5591
ID_VU3938I1G9Z0,781.3473
ID_Y2ZY2HDPU6PE,544.83484
ID_SJD77GLF5ZFJ,576.2092
ID_3T35R9QJBF2M,398.9322
ID_NQUTMXXK59YN,596.63403
ID_SV7AFMBC72LB,162.7591
ID_PAPK30H37SIW,781.04846
ID_URRQOVPPCBQ4,219.0078
ID_CQPXYYK4KGB7,362.81564
ID_RJIJXF4OS4RL,149.35608
ID_APUXW8HC4K6B,899.16736
ID_61Q9C9GGPHDI,1221.3861
ID_ZWZRMNC7OOCV,276.323
ID_IYKX7HR08L6A,373.49054
ID_AIG281L5ZHU8,267.13522
ID_NHUOZPKIO0BR,395.26352
ID_LLYN4K7KIT4R,418.3124
ID_0TSE5OLEV8WK,418.3124
ID_H992DU9HM8DQ,359.4849
ID_UK0CBXPBQ5RY,1090.1604
ID_RDPY3EBXFJ5O,1083.8672
ID_5L97TY473GY5,1250.0667
ID_5B1X9MC1IFX0,418.3124
ID_ECWVAC40SNWB,861.3427
ID_OE87AT5TAUEI,1647.5984
ID_XR12GEBM8H2K,1100.9567
ID_LJ2AP4BNL25Y,608.3318
ID_LH311ABG9XDL,359.24237
ID_HXONOBB4HD6T,1827.7598
ID_7AOOKABBB6N8,1113.5731
ID_Z17C9TLMF1MJ,222.67647
ID_3PUBL95YQ1AF,718.55896
ID_3RUIBILNO5TH,218.32271
ID_9VMYZE08M98X,718.55896
ID_6SDJYMNC1T2Z,218.32271
ID_61DT371A8JKT,366.4843
ID_R51LYLFQUFIL,615.574
ID_MJYLQ159US1Y,859.342
ID_QQHLY17D6RBD,1082.8704
ID_Y84JBGTU3NGV,615.574
ID_V8BHOZICY6IF,425.55435
ID_DZ1R5TGC156F,608.3318
ID_UQTR8CQ5LH50,1070.464
ID_CK56LDNW1478,781.3473
ID_QJGUBXWDDCRS,718.55896
ID_H7YHR5OTSNS5,207.35637
ID_8FRJCZZGLIRC,765.98676
ID_U29DLWFB48GG,287.97446
ID_W3OHI7MAVC24,207.35637
ID_1ZY88AN5LZD4,418.3124
ID_OC5EEB6B892L,781.3473
ID_CMWPG2PIB75R,610.7417
ID_NWEI411ITDHM,784.91876
ID_G49PUGN2HFAD,276.323
ID_GSNP1IEZEQBC,537.59265
ID_GJUS6RREHQ81,859.342
ID_7F8MCGYBVNP9,395.26352
ID_0L3CDZHQMEW6,615.574
ID_WWW8P7C0BWWD,359.24237
ID_K5SN27S6ODNO,864.9142
ID_UFYYFX1MOUMV,418.3124
ID_D0724QR6ZQQF,1664.7003
ID_PMSOXFT4FYDW,861.3427
ID_SO7VGCA3U32O,537.59265
ID_FRF1EVPIL6HX,716.5582
ID_82CBKU1NDJ0V,1130.994
ID_RX8DANVXO123,418.3124
ID_ILC9A9DN5G2Z,781.3473
ID_2GDKRWUIWI9Y,162.7591
ID_RBQ5VAV4DJ5G,721.03644
ID_UOQYVR79LGBI,533.9239
ID_K6AD8QUXXR6Y,373.49054
ID_J342KZ43X2VJ,596.7987
ID_XPEQ4HVRRQX3,1983.2563
ID_AJUG34L464MU,615.574
ID_JF3KG0PYDKQF,1742.5974
ID_L9Y3DAFA0E72,533.9239
ID_E6BGEQJGO571,287.97446
ID_SP088I6KHJYU,425.55435
ID_044M7JJ7F7ZH,716.5582
ID_FWCKHCWUI2ZA,359.24237
ID_RYVNAORY2187,287.97446
ID_AKABUF8B09YM,781.3473
ID_S2JJQXZHA1AS,596.63403
ID_4QOOOG43P1EL,944.8605
ID_X7Y0DSAFDFLN,716.5582
ID_HBHBHNCY4HVH,418.3124
ID_BD6WGXMV0N9M,425.55435
ID_L96Q9Y8ZKZ8E,1128.8102
ID_THWRW6UMVR43,330.25027
ID_BORVFDCCKT0H,781.3473
ID_2L25K22ZLQPZ,425.55435
ID_YUL27A9GYMND,418.3124
ID_8MKACM85VSCS,1983.2563
ID_4060CUEUW7HI,425.55435
ID_Q0SM7VK3YP8B,207.35637
ID_KFDMKLKS776M,418.3124
ID_JFSU9KK3JSCO,1252.3519
ID_YDVQY6M9SDE1,291.64313
ID_24UQHTEAU2MZ,418.3124
ID_SGZSFYIOBIN2,583.4514
ID_JNBPHXXIFBMH,359.24237
ID_ZDH7Q9PB2ZFC,366.4843
ID_Z8L5CROZXDD9,716.5582
ID_BFWA63TCREXQ,359.24237
ID_M3DHWRLA56N4,1058.6943
ID_7QNMKE9U82HO,893.59515
ID_75A7EFD9RIO4,207.35637
ID_ZGRBK42R4LAE,418.3124
ID_E69IMEJ5DN9Q,418.3124
ID_9GU549TH7ZK3,1118.597
ID_32IOWXYS1DUU,227.43146
ID_055AL1ZL5ZQ3,207.35637
ID_1D24WF1F56XL,219.0078
ID_C8563RHWH4R1,425.55435
ID_FWYXQF7RP0NA,615.574
ID_RUQF0NVO7GUP,222.91907
ID_U51NJXF1ANRX,359.24237
ID_52E5N2X6YPZC,425.55435
ID_5605KFWD5KLI,615.574
ID_RP1T12JOZ0W5,418.3124
ID_1NJF183VW7MV,231.32547
ID_YBW0BLUZSB09,537.59265
ID_EMWY1EBQA2OW,149.35608
ID_PRZUQ2CC6YQL,716.5582
ID_DR9MHVZLS2J3,218.32271
ID_F9Z4KJ1ATXQX,408.24173
ID_1IEQS1MMJVNU,1221.0941
ID_Y5OJFJ4ELKBO,1733.1802
ID_OYZLWHPXC232,218.32271
ID_RIJPB9ZK7QMJ,425.55435
ID_5YLAHA1RPCLZ,596.7987
ID_7YD43YGQEHAG,221.41766
ID_Z2128MPPJH3I,357.9835
ID_6E9C80EV7UVB,608.3318
ID_V292OF4LJFY6,425.55435
ID_GZWEN5J0753A,207.35637
ID_DZJI74TH27S2,608.3318
ID_VB20G3017OT3,1460.1091
ID_PFR5TR9NSJ44,544.83484
ID_CGEMGXF9GKAN,716.5582
ID_UQN5YELSPFW4,608.3318
ID_9KQ04PBVJQ2Z,541.1661
ID_4XS5DB6R0W1W,1996.6198
ID_0LIP6T5ZSM47,765.98676
ID_EKT3T87PW61E,425.55435
ID_8APYWALBVJJG,730.87445
ID_IZNAGRDXI416,603.8762
ID_O8JW768V2WBT,859.342
ID_QB1EGGOG4PKU,406.17413
ID_QL474TRJZ4KT,282.4556
ID_JS00JMA9OC55,219.0078
ID_KX93WT2WM8KI,425.55435
ID_88T4KAWBOXD2,765.98676
ID_AYEXJ449FHYB,291.88565
ID_WAMWUG0WHB97,646.71014
ID_MNSBZZRLVYAB,418.3124
ID_NIO4I0V8DWYJ,207.35637
ID_NIZWE5DL0ZEP,767.9875
ID_9NCKQGLK3SD9,418.3124
ID_5OSGLVZW9D29,859.342
ID_6XPJZR8ZCIC2,362.81564
ID_IY0SP642OW24,615.574
ID_RIYH64Y97QRK,544.83484
ID_XSP6B48LKWT8,596.63403
ID_W753O33BW3BB,418.3124
ID_RWJ0XTITY982,1737.1766
ID_EUEIBIX6TBO2,352.87762
ID_WH5AACW8DNG9,298.88507
ID_NKCHBHQGHFQJ,420.7222
ID_55LF7DAPVUM9,418.3124
ID_QCVF1IC80H55,291.64313
ID_TTYI3X4FHRSK,603.8762
ID_FAVZ1A7JE66Y,219.0078
ID_K3QDY7VQTJ4Z,421.88568
ID_SXVSUXY5UZAB,373.49054
ID_5K5QDTT6M6RR,398.3037
ID_LVWYORSZVO3S,291.64313
ID_6ECLIA2352NF,219.0078
ID_W9B36B5RXLXB,1285.0049
ID_FBND5TKBJU4V,290.38425
ID_IEG1EPIW3QJE,615.574
ID_XBAKEC3FGVOI,330.25027
ID_YX1YSBJPV00F,287.97446
ID_CNJ0199EZ0Z5,287.97446
ID_9HZRXVLF8O7Q,406.17413
ID_N8DOGSGMLEEF,383.61206
ID_QTT6DFO6C20M,207.35637
ID_84TIYB63GU2Q,219.0078
ID_I13964DD6KTD,425.55435
ID_31NJ27Y0VJFL,298.88507
ID_SFCM114U57TL,345.63568
ID_JO7PGDO0GSL6,608.3318
ID_GL342CDVL9P5,359.24237
ID_89HGYIT9L72K,418.3124
ID_GMN55BKSKYR7,1125.0734
ID_IPCZ9G8W2MEV,767.9875
ID_YTTWCTKL25FS,718.55896
ID_RXK77X7AJU1K,568.7288
ID_7DF2UHVO2YDW,425.55435
ID_S8ILQIMNR33S,861.3427
ID_9CZKHNKM1I86,418.3124
ID_QV0YP4S4M4EW,418.3124
ID_6NW6LZZP4YSO,859.342
ID_11VV8EJUCW0H,1947.7034
ID_12B9ODTQEDJP,596.63403
ID_O9F0DSRI883S,362.81564
ID_UGZM1YTX1O1E,596.63403
ID_K9QDUU90W0VF,603.8762
ID_NSYRKSMPHBU1,615.574
ID_VTPNQBR81BM9,583.4514
ID_39OMID9QCOG0,418.3124
ID_1PEZ9AQEX5YZ,591.96643
ID_KMV01O5FI1RE,219.0078
ID_D8YY9UAL3DUU,990.73096
ID_MK1LEGI0K09C,634.56335
ID_SIGZ0JBXQGOV,287.97446
ID_TVKRFN7WM03R,287.97446
ID_0BEO9O1TBGD7,425.55435
ID_0LAUIA0BNIC1,330.25027
ID_J3ASN4NEHJWU,544.83484
ID_E0C4Y5E20718,770.46497
ID_42C9CZBA94GA,291.64313
ID_YR8ZM2POXIMW,418.3124
ID_CI5T4HTPFSD5,2058.711
ID_A43CG1H8ISRO,352.87762
ID_3CEHUW3S0G0K,861.3427
ID_TXB3AVJR817F,418.3124
ID_EARHOHWMJBZN,767.9875
ID_3VLU0ZG4HZCJ,307.30795
ID_BXY0XWQ3PB64,615.574
ID_QRR9XFG9T842,596.63403
ID_EUX6TSC8JHCM,425.55435
ID_QFOI09YR3VXI,421.88568
ID_YV25FQOXZ8MV,149.35608
ID_7FQESEUZAD3Z,291.88565
ID_CNWL7DTP3YX4,362.81564
ID_T55BT4VODB0E,219.0078
ID_RV1AQV8A2YO5,864.9142
ID_4LD71OA2HWJA,418.3124
ID_MURY55Z0UGAN,359.24237
ID_N2FMG5146H3F,243.37726
ID_UTINEMLC3YZ8,406.17413
ID_2YV5CPEX8PQX,772.4657
ID_G04CAJF9PJPJ,362.81564
ID_VQQC20SF8PFA,359.24237
ID_XLERVZJLB89L,425.55435
ID_55VQDPWDVUJN,1125.0734
ID_ZQ8CAFATMFQ4,268.00717
ID_G0F3TN5NG6BH,291.64313
ID_PF85WDFZ5SIC,291.64313
ID_LPA096T2PA37,418.3124
ID_TOJV71OD5IJA,537.59265
ID_OC71Q8G1PU9X,629.11285
ID_ALXWTRGLKYET,421.88568
ID_L25QRS7Z1I48,589.5565
ID_ZJX6UR06AOQN,219.0078
ID_J18Z7G8MKNNW,859.342
ID_A1FRWN0WLOW3,608.3318
ID_1WMN80LOMPYX,603.8762
ID_PN8SLC70UAFU,418.3124
ID_Y0VLNN9FFCDB,899.16736
ID_KSNG2EHQWVN2,861.3427
ID_6W3UCOWAIKFY,287.97446
ID_SAMIPB6FVS35,608.3318
ID_5XWLZR0M55MG,603.8762
ID_XS38KEFXELD5,418.3124
ID_59TDKRUHGJTU,425.55435
ID_LA52IZ1MKC63,207.35637
ID_HUS8E1K54UTE,608.3318
ID_I13GK4NJXW16,1074.3752
ID_VNANLNWRQBB6,425.55435
ID_S9RY48JU1EY7,775.74927
ID_4STCBR16P9VP,864.9142
ID_8975M70FEDGV,1079.2991
ID_DUBR80BZKU6Y,366.4843
ID_MAEEJ3FRNXBQ,330.25027
ID_H4AAIXVXUTIW,1286.474
ID_9O8JMRL331Z1,287.97446
ID_NGSCERQ2QDX4,356.5463
ID_6LCF9GFNTUHP,425.55435
ID_P1FUZAFI9H4Z,765.98676
ID_98FVLR8JYSIK,861.3427
ID_21Q3Q5YNLZZX,615.574
ID_PBBKRFRQIL4M,340.6425
ID_XUQ4DJPJN922,544.83484
ID_XN9SQO2E71Y5,361.65216
ID_16EL4RBE07V4,544.83484
ID_J9A3XKAY092U,425.55435
ID_SI3U6TVMFSLR,1680.4907
ID_MZPNEAO40UOF,653.1058
ID_JMOP4XUA0I7Z,425.55435
ID_3K7O1OS7SC87,859.342
ID_1FKKC1Y469H8,544.83484
ID_KLWMKKI8XBMZ,418.3124
ID_INV1UN5XSNO4,368.82654
ID_FCP0ZRWKWL2B,425.55435
ID_L7DSNSBA5RQQ,267.13522
ID_SECEK6SG1NI8,1890.6641
ID_ZZH6SDGIBPVQ,718.55896
ID_NKCBC5AYF2O5,893.59515
ID_HCUH5OSOLYNC,392.78424
ID_P2YVKXAWU6J2,655.35455
ID_H5DAKY1IT85H,1065.6978
ID_FN2NLEWDMB6D,343.92224
ID_FQRTZI314E4V,1744.5239
ID_605VN4QHNIDI,417.05353
ID_J9MMOAJFJ2J9,385.5423
ID_2N51RJM7IWTE,425.55435
ID_G7LKS3J2NRV9,596.7987
ID_B75HPYZV9PLR,864.4903
ID_IJFSC215A8T5,281.705
ID_XUJ8JAS1QTG5,207.35637
ID_OC29SB0GECK9,425.55435
ID_0ZW1XY8NZ5AA,207.35637
ID_XUYVTZH1U6V5,613.20746
ID_TUQ7O8VZEO8Q,1064.0624
ID_XL5X7DAJMM1B,395.26352
ID_6GOHOWR9UQEB,576.2092
ID_OSG7JPS4CTQ6,589.5565
ID_TYWY3ZJA2J5I,1725.4146
ID_E8R8OU0PL6KU,864.9142
ID_NVSZ1QLGBUT6,366.4843
ID_B6DWB2FSMPKC,406.17413
ID_P0UJZBSPVHUE,1082.8704
ID_O9LKW41W3CE6,345.81293
ID_APVY0ZAA2T96,330.25027
ID_DXH0G1YZBCCY,615.574
ID_50FMQ8VLWTYD,646.71014
ID_MPXG6OFK28RA,990.79736
ID_KO5Q9YHKSLDL,781.3473
ID_5RN40WEWP1EL,765.98676
ID_C22JIXZIZSL4,291.64313
ID_9DQB1KQZBTV8,349.30435
ID_CQHWUNCL5PCX,435.4248
ID_J5OEXVDCNB0P,781.3473
ID_RDH6HLOB2U92,330.25027
ID_8TPHQ60JF6EX,418.3124
ID_1PB93FWUQFQB,343.92224
ID_3N976J1OGQLO,635.6506
ID_7KUFT15M92QJ,437.8346
ID_PCCPOOUSGB06,207.35637
ID_3FRDNPVY5FNP,1070.464
ID_BK9ZR4TDE7NZ,639.46796
ID_OUWYLUIH2R51,418.3124
ID_L5ZLQMRH6KKF,667.0912
ID_Q4UW4DG55OJW,596.7987
ID_OYF1ASPZJQNP,537.59265
ID_GZUUS62OBWF1,895.5959
ID_KKZDBKDWVPID,307.30795
ID_YCYMKBL2CA1K,425.55435
ID_KHTP23X20T5I,544.83484
ID_PVCGOZWIYCRW,861.3427
ID_32NAED58MFBN,859.342
ID_N20MRZDYH6K2,812.0032
ID_DBTQY3BIX7K1,359.24237
ID_VXHEQJCSAEGO,425.55435
ID_1UBFDMDD35E0,408.24173
ID_UTQLHUO15C6P,1065.6978
ID_KUQSQP4UEPNX,1983.0181
ID_NG1BV8SLDLT6,276.323
ID_3WE5BFF4QQ07,408.24173
ID_OJCKZSAW11FT,862.91345
ID_01FMRJ8CZ1B9,359.24237
ID_UFCY75JEV9LT,425.55435
ID_2EZWQR6H2KMD,777.4512
ID_VDBLFDMIL8NG,769.5582
ID_AT56XBOIGQNE,646.71014
ID_AXZDBVR3IUR6,311.16534
ID_2TXCT78Y3PKC,345.81293
ID_VR4Q2KY91Y7I,425.55435
ID_EQO0B00UOJ18,356.5463
ID_80IN0NOG3IGG,345.81293
ID_52G244TD18XX,537.59265
ID_VU2RGX6FV7SG,591.96643
ID_L5TFK1K76NVV,359.24237
ID_9CP641SBWCAY,207.35637
ID_GCL2HBCVD3GT,544.83484
ID_9TSTSM29ITZV,1152.1957
ID_L9B0F5XY5C0Q,781.04846
ID_CB1C6HBQXD06,421.88568
ID_HKJ98YOILTWN,1269.1355
ID_5TPFAMIJT35T,781.3473
ID_17C2BIFXGXAB,389.21097
ID_ZY0FDD05Q344,345.63568
ID_XXKL2UKB6T7P,1151.5145
ID_RMQ5T81PW81J,596.63403
ID_I1KFYFIUMBBQ,537.59265
ID_1C1WGJ4TLP0X,267.13522
ID_E5OL8AHYNIRQ,603.8762
ID_XKJ6NPCU23KQ,389.21097
ID_H2LK19RTKLBN,359.24237
ID_8SXD7K2XR4Y2,402.50546
ID_R6PS7QO3TIP3,643.44086
ID_7Z26WTZTG1EE,291.64313
ID_NVW1KES21JE6,608.3318
ID_KZQ5Q7QITN1J,596.63403
ID_0GK554F5HSPQ,1996.6198
ID_CA5E6O3YBPYR,298.88507
ID_NTRTGR2IP7JQ,603.8762
ID_062VNY633NVW,608.3318
ID_465NN80WHNMI,356.5463
ID_T52DNN3DYVA2,310.97662
ID_CM0W1BO8Z7YV,421.88568
ID_YV087R41HIW6,537.59265
ID_VT6TAOGORN0T,1076.5591
ID_030L0XB0GEPB,291.64313
ID_YECW50OR7NEH,349.30435
ID_5W7NWNYH7DA2,276.323
ID_I2AKJ4TGA3JS,352.87762
ID_LMSXY4W2OCHC,421.88568
ID_W1EWJ1KHVFWL,615.574
ID_3ABZTY079K5J,1669.5437
ID_4PEE9P8ISN4T,1127.2572
ID_DZD2PTXBQ36C,221.41766
ID_VRDCKGL60J4S,1172.7163
ID_W300Q133BITD,207.35637
ID_BGPCJWWGLRAD,1097.7605
ID_2VD5AHGUA8FZ,282.4556
ID_N2YHCFW8BCW1,330.25027
ID_KD26RV3Q4Z8G,418.3124
ID_B4L9RE7NMY7S,772.4657
ID_BN9X6GP81HB7,306.2315
ID_Y6GNK64VJEAR,398.9322
ID_PE586K2WC823,389.21097
ID_WL15S18OVHW9,1080.1304
ID_5R6L97XFBM4P,608.3318
ID_55YCU1CHAZYU,1157.1732
ID_WNGH3FP6KNWH,837.3546
ID_9JR09YWTJIPX,619.825
ID_870NP4IDB2WF,425.55435
ID_X6ZCELIES4N3,765.98676
ID_S0Z4WELW3RKE,718.55896
ID_I1M86V2XW3NU,596.7987
ID_PR25E8LGMX5C,418.3124
ID_5RGXU5KZER2O,837.3546
ID_N3OWXZ0A4PQ2,589.5565
ID_BUYPSV8J9VX4,861.3427
ID_ZLJBGWFNKT3F,596.63403
ID_E3U792EGWSOZ,207.35637
ID_KQE4T2DIGF73,362.81564
ID_FIOW6R8A6TD9,1827.7598
ID_6NHV395NXUMO,716.5582
ID_DLLQTLGA5BZ7,207.35637
ID_12090DS3ONFO,340.6425
ID_84WRYZXSNB5W,287.97446
ID_5IHINMMQ33HN,745.2987
ID_Q3TSBO3V5MV0,767.9875
ID_ADC7FBDIRB67,418.3124
ID_YFVLB2MLINSA,698.0075
ID_0M2B2IU08JHG,569.96985
ID_V9K16K3JJ64W,207.35637
ID_T0APDRNZ2PUP,861.3427
ID_UD6Y4DW52N30,425.55435
ID_CPN4N1LLQUYZ,287.97446
ID_NBZ50NSHWKX4,656.5394
ID_JOBTZIGNUJYW,193.95331
ID_QIXJYAUTNLGR,544.83484
ID_AX9K1UFBM90G,206.95601
ID_FDDURNIJQYRF,425.55435
ID_LVNQ4RR7Z5M9,667.0912
ID_UYQMXTUWGEX3,406.17413
ID_GXYT79NRDUCC,359.24237
ID_9GC9RL0156TI,537.59265
ID_65R1QHRZPXV4,219.0078
ID_61D172EINVHM,287.97446
ID_YTRIQ7CPL06G,345.63568
ID_SWBH0D832EJH,418.3124
ID_JI6G3OYFQJKY,435.4248
ID_D2P1PLCDCW6C,859.342
ID_4HZATY2UQP7J,718.55896
ID_I13HAXROQ8ZI,537.59265
ID_EBWZ4DITBMRT,861.3427
ID_46V1XAD0HNM4,219.0078
ID_7F0Y5BH75MA1,345.63568
ID_8KDNAENIPD6O,298.88507
ID_31557CM50TT0,227.43146
ID_1H73ZV2DGAJS,610.7417
ID_MQBQ7Y3DAME9,608.3318
ID_FABZ5F40A430,861.3427
ID_ARH65MSJKMXQ,350.05484
ID_NZAYF5EC84XF,837.3546
ID_8KTFQU943U8U,608.3318
ID_HOOPMK98RDVW,615.574
ID_6NKRHFXDAL2W,222.67647
ID_3Y0E2QZSY8BE,425.55435
ID_7RBTQWOKF593,267.13522
ID_G32EHA5H8KCH,207.35637
ID_FP8GAONCAYON,287.97446
ID_Q1YRG5JLSL51,765.98676
ID_LUEHBMKN3WSS,425.55435
ID_8CR2PDGM6RTS,781.3473
ID_UISG39MBLWG7,425.55435
ID_ZFX52PINM9TI,267.13522
ID_AV8EYUEUUBVA,207.35637
ID_LDK0UP6ZOTQS,781.3473
ID_Y71AZZAYF00N,307.30795
ID_IAA19P3EN9DF,366.4843
ID_M8ZJ8397H56M,767.9875
ID_2LVL6QWBY48W,777.75
ID_66A871THV43V,608.3318
ID_K9CFTOS3JA2N,366.4843
ID_SN7U1P14V2N3,418.3124
ID_68RW49FF7NF2,425.55435
ID_1BYE6Z8W58NR,406.17413
ID_DGIYN4VXFWW3,366.4843
ID_I13X0T9TWG4N,655.35455
ID_7HE2NP9ZDI7E,537.59265
ID_PKX1BWJLKKF1,414.64374
ID_FGCBRPH417HI,271.67584
ID_XZHCQ2UL7EQB,718.55896
ID_3F60G7BTKL3E,425.55435
ID_X8UKDAZNQLE5,219.0078
ID_WF21DZJQ0MEZ,414.64374
ID_2JORBK01S76Z,291.64313
ID_N40FQ79VCRBZ,291.64313
ID_GTLFKV861ATM,418.3124
ID_27Y0YW3K0RMP,425.55435
ID_WV5M56G6J46P,359.24237
ID_2A6AX6F5M2R3,287.97446
ID_O1WA343Z0Y3Q,406.17413
ID_5RO8TLZHVZ4U,349.14368
ID_WNL0HEE8FNAX,718.55896
ID_KRAHFXWUE34U,603.8762
ID_B0BZ87T7Z4G1,544.83484
ID_EF8RZ2A57MOF,366.4843
ID_CKZAYHVYDNOH,330.25027
ID_24T2915PUUBL,596.63403
ID_9N44D14F4Z9S,1152.1957
ID_4QI2PK16L4W8,345.63568
ID_5GSE1ZV2KZ36,425.55435
ID_30MYYJ3CGU71,271.67584
ID_R0ZZ2K2C4IFQ,291.64313
ID_SRSO7ZIVRHMS,544.83484
ID_ADMXQ913LY99,366.4843
ID_PS7YQR14G3Y3,603.8762
ID_MZEO9V8999MJ,1697.4114
ID_LUGALDGQDU2C,355.5737
ID_6E0LFWNRDDBC,537.59265
ID_BH392O5O9YIJ,351.71414
ID_VP4R17PGR7PT,899.16736
ID_Z584MTBFZM57,193.95331
ID_FMP63TJMIYD2,291.64313
ID_0VVXHZNBFV7K,599.67694
ID_R3G02LS8GNA9,425.55435
ID_Y3HXNR6C9VPN,425.55435
ID_P2EI5WTDARVB,533.9239
ID_J81U1U9GRXMM,359.24237
ID_RUJ2JWO1H36Q,603.8762
ID_D7KZIKGDA5TC,425.55435
ID_IXZVPO7I6GFT,544.83484
ID_DYEIPGE8LAWB,1762.4166
ID_YFXPGWLIF1JG,544.83484
ID_M06RJHKBWY49,406.17413
ID_9AQXDJAJZEKV,537.59265
ID_W8K9BX9LC95X,781.04846
ID_QI5ZUDAWIO6B,544.83484
ID_UAUMCZMYYG50,715.11395
ID_MB0FWEMQZIS3,406.32336
ID_I3VLDTUXI8OU,718.55896
ID_FL43EATDHM0N,418.3124
ID_F8IKOUJWBLAS,398.9322
ID_MY6O19NPIVK6,1083.8672
ID_XIRL5AT0PRFF,425.55435
ID_V770RBDE6Q4Y,544.83484
ID_0PZHH6TLV3CA,298.88507
ID_VWY9TZXSBA2I,425.55435
ID_0IMHIJVZNH4F,425.55435
ID_J9R0XLLUEYV5,603.8762
ID_SXO3TLUQS06B,417.05353
ID_IIFWSOZJ87T8,298.88507
ID_003IQ6P16IU6,608.3318
ID_8A4XDDFF9KES,639.46796
ID_ZADQ4EOPXZ5X,608.3318
ID_T3BJIT95VAK6,864.9142
ID_9JBVPAY5SWE5,291.64313
ID_H69MYTOAOWGW,2092.7795
ID_KX131MVNIQYK,227.43146
ID_9TBIA2TY51SN,421.88568
ID_LSJ9Z973V7HY,357.9835
ID_1V7154B52Q1R,718.55896
ID_61T1B66LGY96,893.59515
ID_6OMUQ7RGG9PB,267.13522
ID_UOP0YIGOD0C9,749.7769
ID_FUEPC3I8AGM6,298.88507
ID_9DZ2XHHCILE0,359.24237
ID_K31RQKN5YZGQ,207.35637
ID_5ONQKXWCPAYW,343.92224
ID_WTFWWIHRP8QJ,193.95331
ID_1DB4QAC6FY9E,219.0078
ID_JTN33DQWNP8S,366.4843
ID_URGC9CNXA7X5,397.6733
ID_TLCVMIUVHIDA,615.574
ID_TUK3UTUY685M,359.24237
ID_C3CXY15NEROI,608.3318
ID_HLKXLS0FWIO3,343.92224
ID_3KYOCLW494ZU,613.20746
ID_ANAMG2154VTI,990.79736
ID_RZYTYJZGW8V1,537.59265
ID_U0TE2JB46YOT,1758.3878
ID_033YEZI2YTMN,355.5737
ID_M5MUL0OYJ521,359.24237
ID_GLNNBNCO2ZJT,355.5737
ID_5D0G39C74311,206.95601
ID_76NPV6TK8935,608.3318
ID_ZBDU7B15DZ06,781.04846
ID_7ZY916L3IR3J,576.2092
ID_NT49YSFTD1RL,207.35637
ID_JO5LMUSPDOE5,425.55435
ID_20WSYTHON01Q,162.7591
ID_29VL60799V4G,615.574
ID_LWOVH2BGMAXM,781.3473
ID_U40UK9R0U769,859.342
ID_GLMWDVQ0ZBSS,537.59265
ID_H9WPOE6GENMJ,425.55435
ID_D777FHIP8F1R,765.98676
ID_UE7JO485SVK6,207.35637
ID_KMUR984JCI6C,298.88507
ID_5UB63IBXG3O1,421.88568
ID_IP1S04YTUGT1,1108.5952
ID_UJAKLBHMJ3YD,608.3318
ID_W4V2VRY6V3ZG,330.25027
ID_UPWIMZ9NKMFX,583.4514
ID_TVYVXPBGSFUC,298.88507
ID_8WEKEFRVWLHJ,596.63403
ID_9RLCRH7Q0PXK,402.50546
ID_02G01CVY8X2H,402.50546
ID_KE5BLNSCOGKB,859.342
ID_9JNMULI0HP0P,646.71014
ID_B8OSQ43TMBSR,569.96985
ID_PZWWJKYN923K,748.8702
ID_834BS53CZ6LC,418.3124
ID_5BMWFG250JV4,692.0261
ID_LM22RNI83BJM,599.04395
ID_JQS59EY819HO,287.97446
ID_E43X5ED6NLU1,425.55435
ID_8UZSHKU5UT2V,859.342
ID_DJ50AHYEIPZ0,861.3427
ID_R4NIIOESVN7T,646.71014
ID_YKL207W57L0U,291.64313
ID_12P6RU298F9N,425.55435
ID_IZ6WTP5Z17WN,859.342
ID_NZMFMBIC4FNF,291.64313
ID_JLTDB0VTB0E7,369.18082
ID_17SQTC2HLKAE,421.88568
ID_I1X7CIDBKXZQ,291.64313
ID_PSSACU4V0O6O,589.5565
ID_V4HUIJ6F76SW,355.5737
ID_8COHYHKML3JP,646.71014
ID_JN4AX2B2C50G,227.43146
ID_TMJ0OO9Q2WOJ,1766.4478
ID_C95LNL1M8H2N,615.574
ID_RVPLXJ5UWB6O,291.88565
ID_TV9CCKV6IGN5,1272.8723
ID_K19V3I8YE12K,362.81564
ID_KGXUKFH4Y7YO,544.83484
ID_WJSH3NU9GIQB,149.35608
ID_EQZ7H1WA78OS,267.13522
ID_1MKAKRVW5T92,222.67647
ID_PZFWOHDEYNGN,537.59265
ID_725LTZ95U1E1,715.11395
ID_THK0MEQMKDUT,1635.5028
ID_RTQ01NMMKXYA,596.7987
ID_8B19FL2AJ194,287.97446
ID_D6RNJ17OIWWY,770.46497
ID_HUGK2Y59U7KJ,781.3473
ID_KWIMK8AMZF5A,765.98676
ID_UURMSVZDKKSF,781.3473
ID_2R9G9PQSADOM,291.64313
ID_BI9UDH99U450,345.81293
ID_7ODW5MXTDNCG,655.35455
ID_HWJ9WKS3IB5J,425.55435
ID_JGO7PWMYOMUB,596.63403
ID_MCQSOIZ5BXGC,219.0078
ID_J0X3K8DOSPYN,544.83484
ID_VGQJ4WYJJBAT,421.88568
ID_FHRVJDWVEWZK,604.6404
ID_YFDZZ7FAT8H7,615.574
ID_ZW6ZATUAC5CC,425.55435
ID_W0BWKL5E7PYH,1141.3485
ID_9DJGFL3PX533,540.00256
ID_NYXDVDMQO20V,781.3473
ID_J9R96PPZPO32,861.3427
ID_03SHDKQD95XF,222.67647
ID_9UYFG0NC9QTM,603.8762
ID_PR26C0RSQ89H,608.3318
ID_KOOC7HGDZA0H,769.5582
ID_218WMH65G8WU,608.3318
ID_PRAU2EMQM87U,414.64374
ID_D6ZOJRHT0A7H,418.3124
ID_CITJ0RJ9ZAOC,775.74927
ID_TP5RXW7QXP2O,1814.2798
ID_AZNDXJTYSGDF,291.64313
ID_78WJNL0RRA6U,716.5582
ID_TM6VWF7REIS6,1276.4933
ID_X3TVNO4XNHN5,781.3473
ID_3TDSR1D7HQ8T,675.1836
ID_82ZSQZQGLY1Y,425.55435
ID_8OKP01595X94,359.24237
ID_2OKINRRT0XL1,1806.5146
ID_DA98EJU0NT76,604.6404
ID_V17R17KYCDG3,608.3318
ID_OM42UEJQR618,267.13522
ID_646D2KBLNLC2,298.88507
ID_9RU7QWS0WIDP,718.55896
ID_PFFCHUW5O67L,544.83484
ID_ZSV9TC0UW5CK,395.26352
ID_MSYLCULH22KD,418.3124
ID_6ZA9ROTCTCTY,421.88568
ID_L0J7MCL12NR4,359.24237
ID_SCDUXWEDL6C6,781.3473
ID_7QHVYN5YJYAP,222.67647
ID_AUT5E4W1IF34,1087.896
ID_7JO0TQWT9W8K,402.50546
ID_3UUBOUNG1CH8,219.0078
ID_4Z5JFK9VF762,298.88507
ID_3Z9LB1PGHP96,781.3473
ID_D0X7IDGN74GR,414.64374
ID_BBY6G4GET31C,1461.8826
ID_PT5LBK4XRS89,418.3124
ID_Z6A67N4N3KEJ,149.35608
ID_Y6D7U7R1ULMA,330.25027
ID_WQOUU960NDO4,178.3218
ID_XC7PSRE6WWFP,291.64313
ID_VF7NABSVT35U,667.0912
ID_25MZL6HIS26M,1084.0461
ID_D86BC6U7FA2J,591.96643
ID_F4KMTFROJWL2,414.64374
ID_QK4YHF5UETBQ,414.64374
ID_XPAHSEI49TYN,1209.7543
ID_69F6K475WX7V,207.35637
ID_9WS9F7Z1CE3M,362.81564
ID_XJC8VVXC9TBX,544.83484
ID_CD5QDTLLZUPT,291.64313
ID_O80J4RH6LVDS,864.9142
ID_KWSKN3HTLPK2,293.21472
ID_5SKHT6NDFHJR,207.35637
ID_KPQYKBZGK6Q4,368.82654
ID_866ACQHJ1632,421.88568
ID_WX844ME5IT0M,231.32547
ID_AWNJ1KEP1QK1,1103.3783
ID_16ZJ7XNWB9ES,864.9142
ID_2NKYXQYFQQRX,425.55435
ID_DDQYDSPF4BXY,596.63403
ID_1KBQ8Z8QZOL3,510.7459
ID_GJO67I9XF6AK,537.59265
ID_PCOF5INSVXM2,425.55435
ID_W5GMROHJ01RZ,345.63568
ID_WD6GCHMOFFZK,366.4843
ID_GF3NQ1FP4MXO,895.5959
ID_FBQI3IPLIAAZ,296.0453
ID_BKRCXGDJI2ZU,425.55435
ID_WC5O6CA49JCT,291.64313
ID_TC771F4NXFD3,608.3318
ID_HQAI0KUSI7FX,718.55896
ID_E22MKA5X1C38,425.55435
ID_P4TXP8UNLQ5F,149.35608
ID_7VFK2TR4EHCU,439.0935
ID_XIMWJDO2J9S2,207.35637
ID_1SFZQ86IVMCZ,646.71014
ID_XNSVNT862EIR,1221.0941
ID_KEULJBL0QMMA,418.3124
ID_GEAJ29CHENIM,421.88568
ID_XDHNQQ1BMP4K,356.5463
ID_ZG8Y74HTDSKI,207.35637
ID_VUYOGM0KIABM,1378.2422
ID_U4XH4UTLQ5EO,359.24237
ID_M1TT1PZJYQX3,425.55435
ID_DO1SCI0NAS39,596.7987
ID_PP2CV6NRSO3K,298.88507
ID_6F4A688829M0,1155.0858
ID_67C7XJW5Z9AP,425.55435
ID_G9GXUSA0IV0D,345.81293
ID_0G0WQUKBXG47,383.21176
ID_6EWF22XJX21H,871.6078
ID_UIL7S6F6IKE8,395.26352
ID_O55OOUDQOKBE,1758.3878
ID_OKZW0FT04KAU,218.32271
ID_5QCE458KP8MH,425.55435
ID_K1MX59GNDLA3,864.9142
ID_XEAANBI4M6MP,781.3473
ID_7K7V374NL5QU,298.88507
ID_Q73O4J7PYNLD,941.289
ID_8X79S7L9FWUS,359.24237
ID_M97TRZBEVI0V,359.24237
ID_U9TU5QRVSIKV,544.83484
ID_PQPZ0AVV5HTH,767.9875
ID_1L6LU32N1HFC,207.35637
ID_UBZ21YSSVE0A,589.5565
ID_TFXFZIX00RA7,1082.8704
ID_32CMCT5XS364,425.55435
ID_E95XC4DYH26Y,149.35608
ID_S8ENYM45UWSC,1813.8619
ID_PU514SH6TUVR,206.95601
ID_RVEWUGCXQCNS,359.24237
ID_BG6I25RU4JV3,544.83484
ID_RNDBVA4NU0LW,425.55435
ID_H1GVVG7EF7WE,418.3124
ID_4VG5G0IN38WK,207.35637
ID_LI1DHO8DO7WH,275.9227
ID_K9IUCGCTABHD,544.83484
ID_COWCI2PI2LF9,227.43146
ID_0QE8PUWQKHFZ,608.3318
ID_MT3EUT7AX265,418.3124
ID_T69R1A784TNY,1101.4973
ID_N4FRZ8SPSN61,414.64374
ID_DFIMHTLXA82W,772.4657
ID_BI4VNVU7JAXF,1690.945
ID_6C9EUI1CKTQY,1076.5591
ID_V7R0PZU27LD7,418.3124
ID_NXHSZUCHTMO8,862.91345
ID_PSSPKF9A2USI,777.75
ID_M9XZ0NNGCXJE,362.81564
ID_3BJCEQIRMQTP,425.55435
ID_EWS2TOD7IJZI,1123.8037
ID_4N61JMVTUKQ5,291.64313
ID_B5NBU4COPYXW,418.3124
ID_ZS7CIFJ5G37Q,1758.3878
ID_X4E6NMBKJLQT,193.95331
ID_1OH68E5CL3NC,859.342
ID_DNSUBE5MRZR8,1076.5591
ID_GHVXO83MCL6I,583.4514
ID_CQ0FBB1L5EY3,418.3124
ID_9PEPYSUTV8XP,720.1297
ID_CH40371WNU45,359.24237
ID_KREBTUJY9PUQ,395.26352
ID_AH2DHFW5Y7VZ,603.8762
ID_O2YSLD8B37UI,417.05353
ID_CGJLQRDMQGPI,421.88568
ID_ZIH4810LD2X4,418.3124
ID_1GUQ67PJHO6G,207.35637
ID_YO7NKY9DFON2,1172.7163
ID_H8DG3XXT4R3S,418.3124
ID_FD43UJOLYMFB,366.4843
ID_BQ8JTW0GEMB4,544.83484
ID_RA7TSCPF1HBL,537.59265
ID_HMSUJ88077KV,349.30435
ID_2K6CE567GZ7D,389.21097
ID_J0UYQQWYJDJ3,781.3473
ID_42YO171TPVHZ,862.91345
ID_KMFDQQYDBS4X,537.59265
ID_EKKF7GLOX3SD,359.24237
ID_NA6TYX9PY21I,608.3318
ID_PA459A9AES6D,1716.7161
ID_ZHJ35MUIKDGT,651.7831
ID_2KS148FT28VY,862.91345
ID_ZP3Y1EOLD1XT,418.3124
ID_M202WZ18JHLM,608.3318
ID_O3CUG423MY9H,1947.7034
ID_JK4O5BTLDHTX,291.64313
ID_69E0GNTDT1LF,2034.539
ID_RN3RLK50ETXN,544.83484
ID_PJ3QBFDFCBUV,345.81293
ID_WRU2ZQEZZA2A,1084.1592
ID_261VC80CL904,349.14368
ID_3PR5200O44QG,1087.896
ID_V315713I7M9M,537.59265
ID_WCBVJ74XU15K,544.83484
ID_ZXT4WUZLCMVH,395.26352
ID_GDU9BX84VUVE,1738.947
ID_5JB3YMBM4T6O,291.64313
ID_KBAPVR46VC22,721.03644
ID_4IXICKTIPPLU,615.574
ID_AM94QK241VPE,1730.9222
ID_W12HOWGGSMS8,219.0078
ID_Q1G32KADTS51,345.63568
ID_V3JIA4P4668B,781.3473
ID_Y86K83ZPC3T4,425.55435
ID_K6M588093ONJ,425.55435
ID_8QKXNKEAI8U8,207.35637
ID_X7PUGW9NI1FI,349.30435
ID_VTIQSDY0X1FD,425.55435
ID_4VC1K7FA4J17,352.87762
ID_3GCDF7RV12BF,596.63403
ID_PSLVQKNWEZ0N,383.61206
ID_IGCX54TFOFX9,343.92224
ID_1SZ0EPKMQJ3L,352.87762
ID_RRLAI5EB891O,1152.1957
ID_ATRY9VIAPNBP,421.88568
ID_5LIP4CV5CHJ0,544.83484
ID_ONHO680NIUHR,536.3338
ID_VTRB9ZYY4VI0,596.63403
ID_JAE3UP8KOYFO,291.64313
ID_I02Z7U56HMOO,537.59265
ID_RFXD3G5UO06W,1286.474
ID_1SQXKIK51IGW,298.88507
ID_T5UXJ5RC7PUZ,610.7417
ID_JM7G4MGZXPA4,537.59265
ID_6FF2BX4HPOG7,330.25027
ID_8UTWWHXEL9R5,698.0075
ID_3YJH7Z2OWJED,608.3318
ID_4BVYTNKO9YLK,895.5959
ID_KNDRB17VJJHN,222.67647
ID_PL3IRYM11FGQ,615.574
ID_33QXHWS7FFUE,698.428
ID_2J04B9UGSZMQ,864.9142
ID_ZJV6QMH0E1S2,781.3473
ID_3SY7ARGY3QVX,1842.2559
ID_KIAVLFCA0QAB,207.35637
ID_Q4EJVPZEZXGI,544.83484
ID_65605390LAS9,819.17194
ID_Y104K9OC8UGE,603.8762
ID_3K6WOEPF2FP8,777.75
ID_LS72BPM71SR7,418.3124
ID_Y7TIOX2MBVN1,298.88507
ID_JM80BY34TODO,389.21097
ID_2WAZFPTIJ1OA,425.55435
ID_T9YY5C8C1CBO,425.55435
ID_UPRSY14003PO,366.4843
ID_7XOLQOXF8MQB,356.5463
ID_I32E35Q5PL6J,620.0725
ID_22FO3O040DBN,544.83484
ID_2UXKSAJOCCUC,544.83484
ID_5GUT0JCPY47C,596.63403
ID_LID7SSDMXCW6,222.91907
ID_WCWCOJH95NFM,291.64313
ID_4DWQ8EGOZF76,425.55435
ID_SJE53PFBNDY4,619.5268
ID_MUP7H5EUQUYW,718.55896
ID_2G8S8FICGX1F,765.98676
ID_T6X2E4LGICKT,291.64313
ID_2NBITHH2CMR2,596.63403
ID_IXO2IO18FTPN,837.3546
ID_35RBHZZG2K9S,603.8762
ID_5X3KT9OXDOCL,897.1666
ID_EXX5T31QH9U4,596.63403
ID_LSZRIL56T47Z,781.3473
ID_5ALLBTPE63BZ,510.7459
ID_ZRT3VO9XJTOJ,425.55435
ID_IVZNV00VK1WF,206.95601
ID_STJDVR9FV5ZK,864.9142
ID_MUL2I0PV3WXF,585.88776
ID_350HG62PKSV9,298.88507
ID_CFU1OS0WRIF1,418.3124
ID_E2X9RKRER7VN,425.55435
ID_FAXPVHA3GBDX,864.9142
ID_U20QSSM0WQCL,418.3124
ID_8STN6IQK6GRH,149.35608
ID_RRV0JV74KLEG,569.96985
ID_SV90TJDKZDBO,1757.0177
ID_VG3DNKAC70DB,425.55435
ID_N6VEVLWM0JUZ,775.74927
ID_R6EAOP7SKH4P,861.3427
ID_WY1E27L1SF3F,664.2608
ID_S6Y3EIMQPINY,425.55435
ID_C6FGW58XYOOC,207.35637
ID_66ZQIE06VO23,667.0912
ID_OQGZLQDASMAM,227.43146
ID_O0VXS8F7E71M,298.88507
ID_RYWO2W04NGOQ,718.55896
ID_UQJV4MFOR1M5,395.26352
ID_4RF26BVNXYCE,1464.0664
ID_97BLKV6Q0HEL,1983.2563
ID_UBBEFJS5I0QH,222.91907
ID_1O85NFRVJWEG,596.7987
ID_IMHZWDBK0ADL,276.323
ID_YP71ZG5HZP4L,667.0912
ID_EQYXNVKPIZ8S,356.5463
ID_IUMZ7HN2JIIN,603.8762
ID_TEYADZ461KBT,770.46497
ID_WBKUDZP701N9,544.83484
ID_QREVEZ4H807A,207.35637
ID_1FI6VLAJHF5I,1097.4685
ID_AGYQKZWO32LL,608.3318
ID_2AWB54BA84ZT,418.3124
ID_HT3K0J78M9RG,608.3318
ID_1Y0O3Y0QYTJS,615.574
ID_ZKH62QGNMI1V,207.35637
ID_BJVKX6P2LOVK,615.574
ID_RJG2AH2AUIN8,349.30435
ID_C1YRVYTDHBCI,343.92224
ID_1TJKPVFP9B3X,276.323
ID_ENTHBKNB4R99,418.3124
ID_TY66I8PV70BN,219.0078
ID_6MMECMX3B728,944.8605
ID_GZ9YGWCLLMKN,359.24237
ID_01YVA2LJVYBR,287.97446
ID_YQRL2IOUU4SZ,425.55435
ID_VAX2N8ELPEZE,352.87762
